Country Name,Country Code,Year,ATM Usage,GDP,High Tech Export ($M),High Tech Import,Internet Subscription Per 100,Internet Usage Per 100,IP Income($M),Labour Force (M),Med_High Tech Manufacturing,Mobile Sub Per 100,Personal Remittance ($M),Poverty Count,Stock Traded $B,Tech Cooperation Grant($M),Unemployment Rate,Med High Tech Export
Argentina,ARG,2010,13.86,9.84,1686.22,33.65,9.8,45.0,1531.73,18.32,26.18,138.89,628.54,0.7,0.45,71.88,8.65,45.02
Australia,AUS,2010,154.32,0.63,4554.4,25.79,25.02,76.0,3012.86,11.47,27.82,102.18,1334.65,0.3,90.62,0.0,5.56,19.94
Austria,AUT,2010,112.34,1.59,15801.88,35.94,24.52,75.17,2092.66,4.29,43.78,146.37,3101.68,0.5,12.82,0.0,5.3,59.97
Bangladesh,BGD,2010,1.29,4.37,37.56,19.5,0.28,3.7,21.92,55.76,9.14,45.77,10520.65,18.2,2.28,196.45,5.0,2.14
Belgium,BEL,2010,87.37,1.93,18056.97,41.87,31.01,75.0,2023.02,4.8,34.39,111.73,11090.65,0.1,25.5,0.0,7.91,50.62
Brazil,BRA,2010,114.39,6.52,8821.37,44.63,7.18,40.65,2697.17,95.7,36.15,100.29,2889.16,3.94,42.46,230.9,9.42,36.39
Bulgaria,BGR,2010,87.82,2.21,852.62,34.39,14.81,46.23,95.19,3.41,24.7,134.35,1591.79,2.0,0.94,0.0,6.82,35.4
Canada,CAN,2010,216.26,1.95,26566.35,37.15,31.85,80.3,8923.45,18.79,35.73,76.04,1196.44,0.2,96.96,0.0,8.34,55.72
Chile,CHL,2010,57.81,4.79,541.75,25.75,10.52,45.0,538.62,7.67,20.32,116.75,51.94,0.25,21.61,68.74,11.31,11.65
China,CHN,2010,19.89,10.1,474347.23,35.23,9.37,34.3,10319.47,775.6,41.38,63.72,9209.49,13.9,153.49,929.54,4.72,60.52
Colombia,COL,2010,28.67,3.32,451.12,30.78,5.9,36.5,470.86,21.26,24.95,99.24,4124.86,8.3,8.54,273.77,11.32,35.97
Costa Rica,CRI,2010,41.49,4.01,2203.39,16.11,8.57,36.5,86.39,2.1,19.28,67.68,513.09,1.5,0.1,30.03,7.71,58.94
Cote d'Ivoire,CIV,2010,1.96,4.61,70.49,28.43,0.46,2.7,21.25,7.48,14.99,73.86,316.35,4.07,0.71,58.73,6.6,32.52
Croatia,HRV,2010,99.01,-1.0,817.14,53.04,19.18,56.55,258.62,1.93,28.96,112.81,2268.83,1.2,2.36,44.68,9.2,49.46
Cyprus,CYP,2010,69.86,-0.36,143.94,22.14,23.15,52.99,70.97,0.58,13.95,123.13,593.41,0.04,6.79,0.0,5.36,60.43
Egypt, Arab Rep.,2010,6.48,2.65,84.12,36.44,1.26,20.0,240.6,26.49,24.26,64.74,8694.0,0.62,58.86,156.66,8.52,27.59
France,FRA,2010,104.14,1.45,105238.74,48.13,34.17,77.28,10435.07,29.92,45.45,92.54,19665.37,0.1,47.54,0.0,8.74,65.77
Germany,DEU,2010,112.32,4.34,179569.6,37.15,32.17,82.0,8632.84,41.98,59.08,108.7,12344.79,0.02,52.41,0.0,7.74,72.11
Ghana,GHA,2010,3.83,5.27,9.15,25.16,0.2,7.8,4.08,10.83,4.35,68.18,114.46,4.63,0.2,108.91,5.24,24.99
Greece,GRC,2010,80.24,-5.6,1293.77,23.13,20.42,44.4,713.44,5.07,14.71,111.41,2022.13,1.0,17.9,0.0,9.62,29.15
Hungary,HUN,2010,55.73,1.3,20245.77,61.19,21.62,65.0,2596.03,4.27,54.63,120.28,1575.17,0.1,20.76,0.0,10.03,77.63
India,IND,2010,5.29,7.01,10659.47,34.57,0.89,7.5,1528.83,459.17,38.13,60.63,49203.91,8.53,78.3,266.04,8.38,28.24
Indonesia,IDN,2010,14.12,4.9,7056.09,37.17,0.93,10.92,1327.68,114.48,39.68,86.59,6792.91,18.3,15.95,468.47,6.11,29.05
Ireland,IRL,2010,94.39,1.13,23344.0,70.68,22.54,69.85,35450.51,2.3,61.69,103.91,573.24,0.5,4.18,0.0,12.61,53.73
Israel,ISR,2010,101.24,3.76,10584.45,43.88,24.04,67.5,908.3,3.4,61.97,124.32,507.0,0.2,37.53,0.0,9.53,55.79
Italy,ITA,2010,106.98,1.4,29262.02,47.57,21.89,53.68,7233.85,24.61,41.11,156.57,7041.29,1.3,42.13,0.0,7.75,53.93
Japan,JPN,2010,132.81,4.08,129808.09,47.52,26.62,78.21,18311.54,66.46,53.7,96.24,1594.53,0.06,73.13,0.0,5.07,79.75
Kazakhstan,KAZ,2010,56.87,5.79,2364.74,69.27,5.23,31.6,86.66,8.64,12.75,116.69,198.2,0.2,3.7,59.12,6.55,37.19
Kenya,KEN,2010,7.18,5.06,117.84,33.93,0.02,7.2,28.44,16.79,10.79,60.14,631.46,2.67,0.47,122.18,2.92,24.93
Korea, Rep.,2010,241.8,0.28,103492.16,37.13,33.65,81.6,5334.4,25.07,55.31,98.67,6978.1,0.1,113.36,0.0,2.96,75.8
Luxembourg,LUX,2010,107.06,1.88,962.86,17.67,33.2,90.62,423.29,0.24,7.58,143.37,1676.28,0.13,0.52,0.0,5.12,38.04
Malaysia,MYS,2010,47.03,5.55,65670.15,39.2,7.3,56.3,1267.78,12.18,40.7,117.9,1130.87,0.01,39.97,45.93,3.66,63.49
Malta,MLT,2010,48.71,5.03,1185.08,46.96,30.06,63.0,890.1,0.17,19.16,108.79,259.9,0.2,0.42,0.0,6.89,56.16
Mauritius,MUS,2010,39.51,4.13,6.21,33.35,7.32,28.33,5.85,0.56,2.67,92.8,0.66,0.05,3.73,23.9,7.26,2.93
Mexico,MEX,2010,42.91,3.73,49221.0,25.08,9.4,31.05,2393.94,46.93,36.89,81.21,22075.73,4.5,8.62,146.39,5.36,78.71
Montenegro,MNE,2010,60.05,2.55,8.63,47.93,10.25,37.5,11.28,0.24,16.26,185.41,303.17,1.59,0.35,20.18,19.09,31.85
Morocco,MAR,2010,18.24,2.43,414.85,40.82,1.56,52.0,15.36,11.36,28.07,98.88,6269.12,0.13,7.82,323.13,8.96,38.26
Namibia,NAM,2010,42.0,4.46,50.43,21.16,0.45,11.6,15.28,0.73,7.45,92.89,76.51,1.42,0.28,43.09,22.29,14.34
Netherlands,NLD,2010,62.52,0.82,77485.43,66.23,38.09,90.72,36253.04,8.91,45.62,115.42,1713.13,0.08,62.2,0.0,4.35,55.01
Nigeria,NGA,2010,11.46,5.08,63.08,41.08,0.06,11.5,190.28,52.75,33.44,54.24,18370.8,34.9,1.52,218.32,3.76,7.47
Norway,NOR,2010,57.6,-0.46,4943.7,34.06,35.24,93.39,459.85,2.6,32.54,114.51,631.47,0.2,53.53,0.0,3.1,52.21
Pakistan,PAK,2010,3.9,-0.66,268.28,42.47,0.41,8.0,117.0,58.05,23.99,51.01,8717.0,9.4,10.46,153.28,0.54,9.95
Panama,PAN,2010,38.39,3.95,0.7,14.27,7.13,40.1,59.4,1.61,6.52,183.42,337.0,3.4,0.12,19.32,6.01,15.0
Peru,PER,2010,23.87,7.52,267.47,27.59,3.19,34.77,159.48,15.92,12.87,99.61,2408.7,6.8,2.45,173.99,3.96,5.25
Philippines,PHL,2010,14.01,5.42,12557.11,20.57,3.15,25.0,387.3,37.17,37.06,87.86,19959.51,1.85,8.14,187.78,3.86,73.13
Poland,POL,2010,48.69,3.23,9586.5,42.78,15.18,62.32,1773.0,17.84,35.88,121.65,10214.0,0.3,12.88,0.0,8.17,58.14
Portugal,PRT,2010,192.0,1.69,1498.65,37.28,20.09,53.3,534.83,5.49,23.96,115.32,598.19,0.1,18.3,0.0,9.43,39.59
Romania,ROU,2010,56.51,-3.33,4856.81,41.27,14.76,39.93,345.93,9.34,35.24,119.79,682.46,4.2,0.95,0.0,6.86,54.69
Russian Federation,RUS,2010,72.43,4.45,5263.18,44.86,10.94,49.0,4480.51,75.96,25.04,165.66,5105.06,0.1,41.74,0.0,8.3,24.02
Serbia,SRB,2010,45.12,1.14,309.44,38.58,11.8,40.9,194.76,3.19,18.64,136.02,4649.88,3.93,1.51,111.34,16.14,32.82
Slovak Republic,SVK,2010,50.08,6.62,4113.19,36.49,16.25,75.71,220.25,2.68,45.75,109.8,1672.29,0.5,0.2,0.0,12.03,66.13
South Africa,ZAF,2010,50.93,1.82,2504.73,24.63,1.43,24.0,1675.9,21.09,23.0,97.27,862.05,18.0,65.96,186.03,20.51,45.72
Spain,ESP,2010,152.1,-0.3,11504.35,19.34,22.87,65.8,2746.13,23.36,34.73,110.34,1524.56,0.7,85.69,0.0,17.86,56.94
Thailand,THA,2010,73.36,6.79,37178.17,34.2,4.76,22.4,2567.13,39.61,43.84,105.06,3808.0,0.3,44.95,104.68,1.49,61.82
Tunisia,TUN,2010,17.51,1.93,999.33,21.74,4.43,36.8,12.5,3.81,7.47,102.01,1964.49,1.5,1.05,162.79,13.29,45.02
Turkiye,TUR,2010,45.85,6.99,1943.25,19.74,9.7,39.82,729.0,24.76,30.23,84.39,1834.0,0.8,48.16,154.27,12.55,42.5
Ukraine,UKR,2010,73.14,4.51,1471.9,27.72,6.45,23.3,754.0,22.25,32.74,117.77,5941.0,0.03,0.31,213.83,8.84,43.25
United Kingdom,GBR,2010,121.15,1.63,66714.27,38.78,30.52,85.0,11454.26,32.08,45.19,122.26,5242.98,0.2,116.13,0.0,7.54,63.23
United States,USA,2010,173.96,1.86,166039.76,35.24,27.16,71.69,27764.0,157.38,46.48,91.62,5740.0,1.0,236.95,0.0,9.25,64.75
West Bank and Gaza,PSE,2010,14.48,3.07,0.97,26.03,5.56,37.4,0.9,0.83,5.32,64.2,755.24,0.06,5.12,149.56,20.45,8.28
Zambia,ZMB,2010,6.19,6.51,4.74,44.35,0.07,3.0,1.29,4.2,6.08,39.49,41.26,68.5,0.02,82.5,10.56,15.88
Argentina,ARG,2011,19.29,4.79,1926.29,34.68,11.01,51.0,1526.9,18.26,26.33,146.25,644.3,0.7,0.6,70.42,7.71,46.4
Australia,AUS,2011,168.69,0.98,5598.9,27.24,24.83,79.49,2832.32,11.66,26.99,106.4,1864.47,0.16,98.5,0.0,5.21,17.47
Austria,AUT,2011,112.92,2.58,17846.67,37.72,25.0,78.74,1712.42,4.3,45.0,155.19,2983.49,0.4,12.45,0.0,4.82,59.93
Bangladesh,BGD,2011,2.11,5.17,43.97,13.2,0.31,4.5,8.39,56.63,9.14,56.17,10850.21,2.88,4.2,192.4,3.38,2.03
Belgium,BEL,2011,91.76,0.38,19708.64,40.37,32.35,81.61,1934.88,4.89,36.93,114.06,10993.67,0.2,22.31,0.0,8.29,49.76
Brazil,BRA,2011,118.06,3.01,9144.34,43.55,9.0,45.69,2512.04,95.37,36.34,118.25,3082.8,5.3,41.11,239.01,8.03,35.03
Bulgaria,BGR,2011,90.55,2.76,1061.81,32.2,16.66,47.98,117.24,3.41,25.44,138.87,1332.91,2.5,0.74,0.0,10.28,35.93
Canada,CAN,2011,218.22,2.14,27498.83,37.05,32.87,83.0,8922.07,18.99,36.65,78.2,1199.16,0.2,86.86,0.0,8.06,54.48
Chile,CHL,2011,61.68,5.18,554.59,25.6,11.71,52.25,596.54,7.84,15.0,129.94,62.32,0.9,26.68,65.74,8.41,12.44
China,CHN,2011,24.91,8.95,540167.52,37.22,11.53,38.3,11065.27,774.06,41.45,72.67,13636.04,10.2,135.66,959.15,4.53,58.96
Colombia,COL,2011,34.95,5.78,433.81,31.32,7.39,40.35,510.39,22.13,20.95,101.97,4030.85,6.8,7.92,141.22,10.98,31.98
Costa Rica,CRI,2011,43.26,3.12,2521.51,19.31,8.97,39.21,119.4,2.06,21.08,88.74,530.69,1.8,0.11,29.39,7.17,58.77
Cote d'Ivoire,CIV,2011,1.96,-7.31,176.35,26.55,0.46,2.9,20.43,7.67,14.99,80.44,373.84,4.07,0.65,53.64,6.78,19.21
Croatia,HRV,2011,104.46,0.26,776.02,50.44,20.52,57.79,212.64,1.91,27.61,117.54,2287.05,0.6,1.79,39.82,11.62,47.8
Cyprus,CYP,2011,71.76,-2.11,112.88,20.66,24.61,56.86,39.13,0.6,14.68,126.56,861.73,0.04,2.88,0.0,6.26,55.08
Egypt, Arab Rep.,2011,7.69,3.04,104.58,31.46,1.66,21.6,321.6,27.28,23.42,80.98,7149.6,1.0,39.32,204.15,9.09,25.88
France,FRA,2011,106.1,1.7,111877.56,49.11,36.24,77.82,8387.24,30.02,45.41,95.29,19898.26,0.06,51.04,0.0,8.87,64.45
Germany,DEU,2011,116.69,5.87,202276.36,36.54,33.48,81.27,7008.62,41.95,59.18,111.64,12788.81,0.02,43.96,0.0,6.97,71.95
Ghana,GHA,2011,3.87,11.3,23.76,23.66,0.25,9.0,4.08,11.06,4.35,80.77,135.85,4.63,0.32,115.11,5.38,5.93
Greece,GRC,2011,78.61,-10.02,1402.43,23.09,22.39,51.65,654.72,5.08,18.31,110.21,1498.78,1.1,13.68,0.0,12.71,25.6
Hungary,HUN,2011,56.69,2.16,22847.6,58.8,23.24,68.02,1981.32,4.3,56.39,117.45,1849.91,0.1,20.02,0.0,11.17,75.62
India,IND,2011,7.24,3.82,14503.89,48.72,1.06,10.07,1860.07,468.65,40.51,71.08,53479.96,22.5,63.31,282.58,8.32,27.67
Indonesia,IDN,2011,13.04,4.84,7277.41,28.09,1.11,12.28,1530.11,117.18,38.8,101.1,6916.05,15.7,13.83,515.96,5.61,28.92
Ireland,IRL,2011,90.39,0.4,27780.06,73.58,23.56,74.89,35043.05,2.25,60.13,107.96,658.01,0.5,4.0,0.0,14.53,54.4
Israel,ISR,2011,120.92,3.63,11680.97,44.95,25.19,68.87,898.6,3.48,37.44,123.33,571.5,0.2,45.41,0.0,8.48,53.44
Italy,ITA,2011,100.01,0.53,33747.08,43.96,22.52,54.39,6142.37,24.55,40.69,160.0,7975.13,1.2,31.17,0.0,8.36,53.69
Japan,JPN,2011,130.93,0.21,133086.55,49.18,27.89,79.05,16834.68,66.23,54.48,103.71,1684.47,0.06,74.15,0.0,5.1,78.89
Kazakhstan,KAZ,2011,61.35,5.87,2599.14,64.01,7.08,50.6,65.09,8.73,12.92,149.66,225.56,0.1,0.36,56.16,5.77,34.55
Kenya,KEN,2011,8.8,2.37,62.28,35.52,0.13,8.8,21.24,17.35,10.79,65.86,685.76,2.67,1.75,153.1,2.85,24.93
Korea, Rep.,2011,247.09,6.27,132075.43,36.34,35.22,83.7,5823.4,25.09,61.23,104.0,5999.5,0.5,178.56,0.0,3.36,75.85
Luxembourg,LUX,2011,105.63,-1.18,1135.86,21.27,32.76,90.03,307.32,0.24,7.13,147.62,1669.58,0.1,0.32,0.0,4.36,37.64
Malaysia,MYS,2011,51.31,3.61,66492.79,36.81,8.59,61.0,1133.12,12.52,41.66,125.62,1102.93,0.1,45.01,50.95,3.39,59.11
Malta,MLT,2011,52.22,0.04,1315.21,54.63,30.38,68.02,1614.43,0.18,8.53,123.18,229.57,0.2,0.54,0.0,6.85,42.59
Mauritius,MUS,2011,40.88,3.91,9.79,37.2,9.19,34.95,5.19,0.57,4.81,100.61,0.81,0.05,3.65,20.65,7.65,3.87
Mexico,MEX,2011,45.17,2.19,52263.26,24.15,10.13,37.18,2511.54,47.71,38.65,82.86,22080.26,1.9,10.5,114.24,5.3,77.83
Montenegro,MNE,2011,64.17,3.12,8.06,55.69,10.24,35.61,11.63,0.24,13.99,183.47,415.97,1.59,1.07,29.93,19.65,22.11
Morocco,MAR,2011,19.66,3.81,414.85,41.42,1.82,46.11,48.85,11.45,28.05,111.51,6422.54,0.13,6.05,291.98,9.09,40.1
Namibia,NAM,2011,49.62,3.46,48.11,36.66,0.83,12.0,6.7,0.75,7.45,102.91,69.21,1.42,0.18,44.51,22.12,17.21
Netherlands,NLD,2011,57.79,1.08,85917.61,66.03,38.91,91.42,34418.55,8.89,47.05,118.73,1720.05,0.1,65.78,0.0,4.99,52.51
Nigeria,NGA,2011,11.23,2.44,40.53,27.25,0.03,13.8,208.44,54.15,33.44,57.52,19744.76,11.99,1.39,220.82,3.76,8.87
Norway,NOR,2011,55.25,-0.2,5379.96,36.36,36.05,93.49,317.62,2.61,32.45,115.58,679.97,0.1,49.19,0.0,3.52,45.3
Pakistan,PAK,2011,4.28,0.6,324.88,37.87,0.59,8.0,90.0,60.26,23.99,54.83,9690.0,9.6,6.58,237.38,0.65,10.94
Panama,PAN,2011,39.74,9.35,4877.49,11.98,7.67,42.7,62.5,1.62,6.52,182.6,410.0,2.5,0.23,18.11,5.88,15.0
Peru,PER,2011,27.14,5.43,322.87,27.45,4.11,36.01,152.42,16.26,12.12,110.12,2533.91,6.5,2.71,165.51,3.6,5.15
Philippines,PHL,2011,15.11,2.02,12557.11,24.88,1.86,29.0,412.17,38.08,41.52,97.77,21556.63,1.85,10.68,208.04,3.61,65.27
Poland,POL,2011,50.89,4.99,9697.32,41.86,18.05,61.95,1542.0,18.06,35.84,129.88,7712.0,0.3,14.6,0.0,9.64,56.16
Portugal,PRT,2011,194.63,-1.55,1830.26,37.86,21.23,55.25,562.3,5.49,24.65,116.75,516.9,0.5,22.53,0.0,10.77,39.78
Romania,ROU,2011,59.24,5.03,5673.72,44.73,16.24,40.01,367.26,9.35,36.02,115.82,641.39,5.4,0.99,0.0,6.96,54.36
Russian Federation,RUS,2011,95.59,4.22,5731.65,48.07,12.27,58.0,3987.05,75.88,24.71,141.79,5250.02,0.01,33.24,0.0,7.37,22.18
Serbia,SRB,2011,47.4,2.85,326.32,38.07,13.44,42.2,143.65,3.1,19.63,141.04,4117.45,3.93,0.75,130.15,19.22,33.78
Slovak Republic,SVK,2011,51.24,2.54,5012.37,36.59,17.64,74.44,189.98,2.69,44.52,110.74,1590.89,0.4,0.34,0.0,14.38,64.66
South Africa,ZAF,2011,55.32,1.87,2743.38,25.6,1.73,33.97,1658.02,19.99,24.43,122.04,1069.57,3.5,66.42,173.47,23.18,43.74
Spain,ESP,2011,149.44,-1.17,13554.46,19.34,23.9,67.09,2746.13,23.48,34.88,112.54,1595.95,1.1,96.64,0.0,19.86,55.64
Thailand,THA,2011,81.89,0.19,36110.0,34.33,5.67,23.67,2247.54,39.45,40.24,112.71,4433.16,0.1,65.21,116.22,0.62,58.53
Tunisia,TUN,2011,20.36,-3.27,1085.02,20.42,5.07,39.1,13.77,3.89,24.25,112.28,2063.29,0.15,3.97,162.17,13.05,45.8
Turkiye,TUR,2011,52.3,9.73,2202.09,21.11,10.23,43.07,648.0,25.81,29.95,88.07,1819.0,0.1,51.9,154.21,10.66,41.19
Ukraine,UKR,2011,76.57,5.83,1932.26,24.25,6.96,28.71,644.0,22.14,32.79,121.94,6535.0,0.03,2.01,252.4,8.1,42.16
United Kingdom,GBR,2011,121.92,0.28,75783.35,41.62,32.53,85.38,10473.07,32.24,45.0,121.93,4951.4,0.2,128.97,0.0,7.79,62.0
United States,USA,2011,15.81,0.81,166463.7,36.97,28.14,69.73,29421.0,157.36,46.0,94.75,5930.0,1.0,239.39,0.0,9.63,62.2
West Bank and Gaza,PSE,2011,15.33,6.87,0.7,23.18,3.76,41.08,0.2,0.87,11.22,69.52,927.14,0.2,3.86,165.83,21.42,9.2
Zambia,ZMB,2011,6.82,2.06,15.29,29.67,0.12,3.5,0.44,4.37,15.03,57.23,43.66,11.81,0.1,74.79,13.19,18.91
Argentina,ARG,2012,27.05,-2.15,1654.53,38.96,12.27,55.8,1712.21,18.66,26.27,153.33,697.38,0.6,0.46,52.02,7.18,46.72
Australia,AUS,2012,170.51,2.1,5466.44,29.31,25.23,79.0,3423.56,11.84,27.95,107.08,2449.29,0.16,80.69,0.0,5.08,19.64
Austria,AUT,2012,113.8,0.22,18475.49,37.75,25.27,80.03,1610.87,4.33,44.64,161.19,3250.8,0.6,8.99,0.0,4.56,61.06
Bangladesh,BGD,2012,3.71,5.2,105.41,12.96,0.39,5.0,17.64,57.6,9.17,63.9,12071.07,2.88,1.73,216.06,3.75,2.13
Belgium,BEL,2012,93.32,0.12,18575.75,45.38,33.47,80.72,1905.03,4.88,47.38,111.62,11728.55,0.2,19.73,0.0,7.14,49.63
Brazil,BRA,2012,116.31,1.01,9470.91,49.02,9.56,48.56,3346.85,94.95,35.34,124.18,3214.6,4.5,31.53,213.28,7.58,38.04
Bulgaria,BGR,2012,93.86,1.34,1020.74,34.72,17.78,51.9,114.24,3.32,29.27,143.97,1483.19,2.3,0.56,0.0,11.26,34.67
Canada,CAN,2012,207.65,0.66,33106.18,40.16,33.7,83.0,9731.28,19.15,37.24,79.9,1227.34,0.2,82.19,0.0,7.51,56.99
Chile,CHL,2012,64.64,5.13,578.35,30.12,12.49,55.05,726.29,8.13,11.44,138.05,70.92,0.25,20.41,55.56,7.32,12.23
China,CHN,2012,30.45,7.13,593857.57,35.67,12.82,42.3,13039.55,778.32,41.45,81.38,16568.37,8.5,88.38,834.35,4.55,58.44
Colombia,COL,2012,32.51,2.84,565.87,36.76,8.6,48.98,615.03,22.79,21.35,107.17,4101.32,6.7,7.75,106.8,10.11,34.16
Costa Rica,CRI,2012,51.78,3.63,2732.04,24.32,9.47,47.5,158.86,2.15,21.87,113.54,520.22,1.7,0.09,26.83,9.52,59.58
Cote d'Ivoire,CIV,2012,1.96,5.43,96.85,27.22,0.21,4.4,17.45,7.84,14.99,82.23,397.12,4.07,0.32,26.08,7.22,15.58
Croatia,HRV,2012,109.79,-2.03,913.35,48.21,21.22,61.94,224.74,1.88,26.03,114.77,2524.04,0.8,1.48,0.02,13.68,45.33
Cyprus,CYP,2012,69.93,-4.91,55.51,21.68,25.47,60.69,39.13,0.61,15.51,128.3,740.51,0.04,1.63,0.0,7.86,50.92
Egypt, Arab Rep.,2012,8.64,-0.46,133.43,32.49,2.07,25.6,284.5,28.74,21.06,93.53,12453.1,0.62,16.99,180.97,8.76,28.05
France,FRA,2012,109.21,-0.17,114060.87,52.21,38.02,81.44,10014.88,30.03,46.14,98.71,22942.28,0.1,46.42,0.0,8.81,65.06
Germany,DEU,2012,121.13,0.23,202764.81,39.26,34.28,82.35,7115.33,41.73,59.18,113.31,15337.12,0.02,41.97,0.0,5.82,72.44
Ghana,GHA,2012,4.0,6.64,74.46,43.38,0.25,10.6,4.08,11.29,4.35,95.38,2134.64,25.7,0.65,114.68,4.22,19.98
Greece,GRC,2012,74.79,-6.58,1137.98,26.3,24.53,55.07,626.95,4.98,18.76,121.86,1186.96,1.5,8.12,0.0,17.86,22.58
Hungary,HUN,2012,57.7,-0.74,17575.52,62.33,24.15,70.58,1799.36,4.31,55.65,116.7,2305.03,0.3,11.03,0.0,11.03,73.46
India,IND,2012,8.82,4.06,13873.82,52.02,1.18,11.1,2438.3,472.42,39.58,67.85,62499.08,8.53,40.63,329.02,8.17,28.05
Indonesia,IDN,2012,16.45,4.71,7229.37,41.42,1.19,14.52,1616.46,119.58,37.41,112.69,6923.97,13.7,11.81,559.98,5.15,30.7
Ireland,IRL,2012,88.31,-0.43,26187.42,76.03,24.36,76.92,37458.29,2.23,61.06,109.84,756.0,0.3,3.42,0.0,15.35,52.26
Israel,ISR,2012,122.48,0.71,11564.74,46.55,25.51,70.8,831.5,3.53,42.7,121.51,594.6,0.7,28.72,0.0,7.14,54.3
Italy,ITA,2012,101.61,-3.24,29546.75,44.14,22.87,55.83,6545.12,24.57,41.64,161.47,8731.25,1.2,36.89,0.0,8.36,53.27
Japan,JPN,2012,128.58,1.54,129203.44,52.52,28.26,79.5,18768.65,65.81,55.01,110.38,2131.73,0.06,69.15,0.0,4.55,79.53
Kazakhstan,KAZ,2012,64.8,3.33,3570.82,64.18,9.57,61.91,85.54,8.8,14.01,176.79,179.71,0.04,0.28,48.19,5.39,40.19
Kenya,KEN,2012,8.99,1.96,62.28,34.94,0.12,10.5,17.8,17.93,13.05,70.28,934.15,2.67,1.96,204.79,2.86,21.62
Korea, Rep.,2012,265.38,2.89,133455.01,39.68,36.32,83.76,7355.6,25.42,58.39,106.79,5853.7,0.1,142.45,0.0,3.32,71.85
Luxembourg,LUX,2012,106.04,-0.76,925.03,24.39,31.98,91.95,188.01,0.25,22.41,143.49,1810.62,0.13,0.2,0.0,4.9,38.38
Malaysia,MYS,2012,56.12,3.78,66465.54,38.79,9.85,65.8,1318.01,13.1,41.17,139.33,1211.5,0.01,43.74,47.31,3.05,58.53
Malta,MLT,2012,55.26,3.19,1272.19,62.69,31.58,68.2,1592.82,0.18,5.37,123.8,227.12,0.1,0.51,0.0,6.38,40.25
Mauritius,MUS,2012,43.43,3.21,10.64,40.57,10.93,35.42,12.07,0.57,4.26,115.29,0.52,0.4,4.43,11.42,7.45,4.05
Mexico,MEX,2012,44.86,2.2,57554.23,28.26,11.3,39.75,3015.24,48.77,40.15,87.02,23445.66,3.8,8.45,108.83,5.17,78.59
Montenegro,MNE,2012,66.2,-2.81,9.89,53.58,13.86,56.84,8.87,0.24,18.85,156.52,509.61,3.0,1.69,15.18,19.76,26.23
Morocco,MAR,2012,21.35,1.59,414.85,46.36,2.07,55.42,30.43,11.53,6.74,117.37,7256.31,0.13,3.72,171.66,8.91,42.48
Namibia,NAM,2012,51.27,3.36,108.42,65.63,1.11,12.94,5.98,0.77,7.88,99.05,78.76,1.42,0.1,46.88,19.46,10.73
Netherlands,NLD,2012,56.52,-1.4,81430.3,66.15,39.64,92.86,32819.97,8.9,47.44,117.47,1788.73,0.1,57.16,0.0,4.98,51.23
Nigeria,NGA,2012,11.94,1.4,77.58,38.14,0.01,16.1,223.39,55.65,33.44,66.31,20616.77,33.8,0.93,268.04,3.77,10.89
Norway,NOR,2012,54.47,1.38,5157.05,40.65,37.01,94.65,633.88,2.63,32.14,115.51,764.99,0.1,36.86,0.0,3.21,44.88
Pakistan,PAK,2012,4.72,1.66,316.86,36.91,0.75,8.1,124.0,61.55,22.77,59.42,12263.0,3.31,4.51,210.44,0.8,9.54
Panama,PAN,2012,44.97,7.84,1969.94,15.34,7.85,40.3,46.3,1.61,6.67,165.48,368.2,3.5,0.93,18.51,4.05,15.0
Peru,PER,2012,31.74,5.17,202.76,30.6,4.85,38.2,196.76,16.34,13.46,98.78,2696.96,6.1,3.01,155.66,3.48,5.74
Philippines,PHL,2012,16.8,5.05,12557.11,21.01,2.19,30.8,446.48,39.49,53.04,104.03,23053.63,10.9,11.68,193.09,3.59,73.14
Poland,POL,2012,53.86,1.55,10726.76,44.31,17.83,62.31,2248.0,18.15,34.31,140.03,7768.0,0.2,13.93,0.0,9.63,54.96
Portugal,PRT,2012,191.19,-3.67,1919.33,40.94,22.72,60.34,595.85,5.43,24.72,113.26,539.54,0.7,14.54,0.0,12.68,39.6
Romania,ROU,2012,64.9,2.38,3649.89,52.58,17.59,45.88,445.02,9.17,36.79,113.42,694.12,6.2,1.52,0.0,7.18,53.97
Russian Federation,RUS,2012,117.0,3.85,7709.72,47.34,14.53,66.0,4841.8,76.08,26.54,144.5,6103.27,0.01,27.09,0.0,6.54,23.66
Serbia,SRB,2012,47.17,-0.2,461.95,40.77,14.81,48.1,156.11,3.09,20.06,127.2,3960.97,5.3,0.78,118.18,22.97,41.36
Slovak Republic,SVK,2012,52.58,1.15,6432.73,39.93,19.33,76.71,168.36,2.68,47.82,112.67,1753.89,0.4,0.45,0.0,13.62,66.48
South Africa,ZAF,2012,57.27,1.04,2860.65,31.69,2.08,41.0,1941.1,21.06,24.43,128.69,1158.42,3.5,49.29,198.71,21.42,44.68
Spain,ESP,2012,147.23,-3.02,13768.26,19.34,24.65,69.81,2746.13,23.56,35.95,108.36,1714.25,0.9,76.15,0.0,21.39,53.91
Thailand,THA,2012,87.31,6.55,37172.47,38.77,6.53,26.46,3080.54,40.87,40.71,122.93,5255.62,0.1,58.05,118.42,0.66,59.63
Tunisia,TUN,2012,21.12,2.89,854.25,24.24,4.72,41.44,15.16,3.97,26.15,114.94,2004.5,0.15,2.18,102.53,18.33,45.28
Turkiye,TUR,2012,60.25,3.25,2327.2,23.21,10.45,45.13,816.0,26.96,29.89,89.91,1883.0,0.1,43.05,151.07,8.8,40.3
Ukraine,UKR,2012,84.3,0.4,2647.71,28.17,8.04,35.27,744.0,22.04,32.92,130.86,7822.0,0.1,0.7,196.36,7.85,44.86
United Kingdom,GBR,2012,123.42,0.75,73147.76,43.53,33.99,87.48,10850.11,32.48,43.47,122.76,5099.0,0.2,113.82,0.0,8.04,63.04
United States,USA,2012,15.81,1.53,169065.94,39.35,29.22,74.7,31115.0,157.44,46.05,96.27,6104.0,1.0,263.12,0.0,8.95,62.53
West Bank and Gaza,PSE,2012,16.72,3.51,1.13,26.09,4.39,43.4,0.29,0.93,5.52,73.9,1141.71,0.06,2.7,180.21,17.6,7.97
Zambia,ZMB,2012,7.03,4.1,54.71,30.82,0.1,4.1,0.55,4.53,14.77,71.38,46.28,11.81,0.09,85.52,10.58,18.63
Argentina,ARG,2013,34.53,1.27,1791.01,36.98,14.75,59.9,2079.14,18.84,26.42,158.92,577.53,0.6,0.27,56.8,7.22,49.68
Australia,AUS,2013,164.7,0.83,5341.24,27.79,25.88,83.45,4110.57,12.01,27.81,107.91,2405.32,0.16,58.55,0.0,5.22,17.13
Austria,AUT,2013,115.63,-0.56,20792.97,35.4,26.33,80.62,1864.97,4.38,44.98,156.52,3028.19,0.3,5.77,0.0,4.87,62.05
Bangladesh,BGD,2013,4.04,4.68,68.65,14.01,0.99,6.63,10.47,58.66,9.47,75.67,14119.63,2.88,1.08,200.31,4.1,1.8
Belgium,BEL,2013,94.23,-0.01,23017.33,43.47,34.48,82.17,2895.14,4.91,50.04,110.92,11171.45,0.1,20.34,0.0,7.54,50.39
Brazil,BRA,2013,115.36,2.11,9066.23,49.44,10.59,51.04,3865.93,97.19,36.39,134.39,2784.07,3.7,33.73,241.83,7.25,36.61
Canada,CAN,2013,203.39,1.25,32177.51,37.32,34.49,85.8,10411.41,19.32,36.36,80.88,1254.6,0.5,73.73,0.0,7.29,56.63
Chile,CHL,2013,67.54,2.32,696.15,27.3,13.11,58.0,773.56,8.21,15.96,135.13,72.03,0.5,17.4,64.95,6.64,11.92
China,CHN,2013,37.59,7.05,655897.28,30.05,13.73,45.8,14706.11,778.94,41.45,89.32,17065.62,2.9,58.92,678.71,4.58,58.32
Colombia,COL,2013,36.05,4.1,773.38,35.44,9.81,51.7,753.79,23.53,20.76,108.77,4018.67,6.1,8.69,127.19,9.74,38.0
Costa Rica,CRI,2013,53.7,1.32,3074.12,26.02,10.12,45.96,214.78,2.32,22.17,148.43,562.34,1.6,0.07,31.37,9.11,62.47
Cote d'Ivoire,CIV,2013,1.96,8.5,165.47,26.81,0.25,6.6,18.45,7.99,14.99,86.3,367.09,4.07,0.48,39.23,7.22,51.63
Croatia,HRV,2013,112.87,-0.12,999.79,49.43,22.16,66.75,262.29,1.87,25.98,109.57,2084.7,0.7,0.95,7.68,15.93,44.27
Cyprus,CYP,2013,63.89,-6.37,56.34,20.28,26.71,65.45,39.13,0.61,18.89,128.16,601.12,0.1,1.18,0.0,11.8,53.06
Egypt, Arab Rep.,2013,9.22,-0.06,78.78,30.5,2.51,26.4,226.0,29.06,20.53,106.09,14324.3,0.9,6.74,183.12,11.85,30.56
France,FRA,2013,109.37,0.06,118708.42,50.11,39.38,81.92,10545.78,30.29,46.58,99.98,22666.37,0.1,40.04,0.0,9.4,65.25
Germany,DEU,2013,118.65,0.16,209260.62,39.26,35.07,84.17,7405.17,41.85,59.29,122.47,14637.03,0.02,35.44,0.0,5.38,72.54
Ghana,GHA,2013,5.36,4.71,62.18,39.18,0.25,15.0,4.08,11.51,10.84,101.82,2155.5,4.63,0.12,156.17,3.22,33.27
Greece,GRC,2013,73.01,-1.81,950.03,23.43,26.69,59.87,556.62,4.93,22.18,114.7,680.98,1.0,6.23,0.0,24.44,21.68
Hungary,HUN,2013,56.48,2.08,17133.94,60.71,26.25,72.64,2034.87,4.36,56.52,117.14,3147.78,0.2,8.51,0.0,11.0,73.52
India,IND,2013,10.95,5.01,17938.42,47.43,1.16,12.3,2819.29,476.03,37.61,68.65,68820.52,8.53,34.88,356.15,8.1,28.7
Indonesia,IDN,2013,35.73,4.28,6492.91,36.44,1.28,14.94,1787.97,122.34,35.82,123.67,7212.2,11.2,10.02,684.04,4.47,30.29
Ireland,IRL,2013,84.59,0.59,25028.66,77.81,25.92,78.25,40850.36,2.23,55.93,106.36,695.0,0.7,4.15,0.0,15.45,52.15
Israel,ISR,2013,122.8,2.49,11743.77,46.46,25.92,70.25,1068.3,3.62,40.52,122.95,684.9,0.5,19.37,0.0,6.86,54.76
Italy,ITA,2013,99.33,-2.97,31874.95,43.78,23.23,58.46,6609.33,25.13,42.22,160.6,9166.14,1.4,37.5,0.0,10.65,53.65
Japan,JPN,2013,127.91,2.15,111060.3,48.78,28.92,88.22,19172.72,65.52,55.34,115.83,2539.58,0.7,53.35,0.0,4.36,78.09
Kazakhstan,KAZ,2013,68.57,4.49,3111.0,67.12,11.29,63.3,94.62,8.86,16.48,175.06,282.98,0.04,0.54,43.53,5.29,33.13
Kenya,KEN,2013,9.39,1.33,78.07,36.49,0.17,13.0,15.09,18.51,12.47,71.06,1211.02,2.67,1.79,229.59,2.84,21.62
Korea, Rep.,2013,281.23,1.87,130654.61,48.58,36.77,84.07,9182.9,25.87,59.38,108.04,6602.2,0.2,154.35,0.0,2.99,70.63
Luxembourg,LUX,2013,100.71,0.81,743.24,27.03,32.5,93.78,246.61,0.26,23.95,145.17,1717.9,0.1,0.19,0.0,5.14,39.29
Malaysia,MYS,2013,56.97,3.04,67074.15,35.0,9.75,57.06,1634.19,13.65,42.11,142.71,1293.81,0.01,39.33,46.08,3.1,58.35
Malta,MLT,2013,60.21,4.0,1016.4,56.39,32.69,68.91,597.23,0.19,5.7,127.23,200.11,0.15,0.47,0.0,6.2,40.16
Mauritius,MUS,2013,44.33,3.11,6.4,44.41,12.58,40.12,15.2,0.58,4.64,118.82,0.86,0.05,2.54,21.51,7.47,3.52
Mexico,MEX,2013,48.76,0.03,58517.56,29.94,10.87,43.46,3399.95,50.31,39.5,91.01,23208.65,1.9,9.96,119.74,4.89,78.33
Montenegro,MNE,2013,69.6,3.45,6.91,54.53,15.1,60.31,2.82,0.25,15.88,156.78,507.5,3.0,1.06,12.72,19.81,22.0
Morocco,MAR,2013,22.9,3.11,414.85,44.4,2.5,56.0,41.35,11.55,7.04,125.83,6507.91,1.4,3.27,279.14,8.99,44.5
Namibia,NAM,2013,49.61,3.84,72.29,67.7,1.62,13.9,8.45,0.79,7.29,123.74,80.11,1.42,0.46,49.66,16.77,25.75
Netherlands,NLD,2013,54.56,-0.42,80845.64,64.56,40.27,93.96,36661.87,9.01,45.8,115.41,1640.15,0.1,49.76,0.0,5.82,50.26
Nigeria,NGA,2013,11.49,3.83,91.78,31.53,0.01,19.1,213.2,54.75,33.44,72.83,20542.88,11.99,0.88,315.28,3.75,19.39
Norway,NOR,2013,52.73,-0.2,5372.31,41.41,37.61,95.05,778.78,2.67,35.22,112.03,766.53,0.1,23.33,0.0,3.12,46.69
Pakistan,PAK,2013,5.29,2.8,354.22,31.48,0.79,9.0,127.0,63.27,22.77,62.21,14007.0,7.4,5.34,228.39,1.86,10.4
Panama,PAN,2013,50.7,5.04,2030.97,11.78,8.04,44.03,68.7,1.69,6.24,162.36,410.9,2.2,1.77,19.61,3.72,15.0
Peru,PER,2013,39.09,4.83,203.76,29.62,5.37,39.2,215.8,16.52,13.67,99.18,2787.95,5.4,2.74,170.13,3.24,6.15
Philippines,PHL,2013,18.85,4.96,12557.11,17.49,2.58,32.7,441.51,40.08,41.16,103.13,24609.68,1.85,13.62,264.71,3.5,68.91
Poland,POL,2013,56.24,0.92,13659.5,47.08,18.21,62.85,2407.0,18.27,35.21,147.57,7041.0,0.4,12.16,0.0,10.09,55.18
Portugal,PRT,2013,184.92,-0.38,2135.76,38.85,24.5,62.1,600.61,5.39,24.51,114.59,461.19,0.9,12.23,0.0,15.53,37.85
Romania,ROU,2013,65.03,0.64,3679.01,54.85,18.89,49.76,482.42,9.22,37.7,114.17,733.22,6.6,1.12,0.0,6.79,55.77
Russian Federation,RUS,2013,142.14,1.54,9200.86,43.86,16.45,67.97,5830.32,75.91,24.63,151.26,5787.73,0.01,15.41,0.0,5.44,22.84
Serbia,SRB,2013,46.5,3.39,438.2,41.82,16.42,53.45,183.3,3.11,24.88,128.67,3546.46,5.8,0.56,105.6,24.0,48.59
Slovak Republic,SVK,2013,54.7,0.52,8085.52,36.17,20.48,77.88,176.54,2.71,49.43,114.66,1927.19,0.3,0.08,0.0,13.96,67.68
South Africa,ZAF,2013,57.09,1.1,2613.57,31.67,3.0,46.5,2118.15,21.29,24.43,142.68,1084.53,3.5,52.22,201.05,21.79,43.62
Spain,ESP,2013,136.14,-1.08,14479.33,19.34,26.29,71.64,2746.13,23.57,37.39,107.63,2093.91,1.1,65.25,0.0,24.79,55.21
Thailand,THA,2013,94.79,2.07,37049.82,35.53,7.46,28.94,3121.26,41.2,40.71,134.88,5656.79,0.1,60.08,131.83,0.58,59.83
Tunisia,TUN,2013,22.26,1.29,801.03,24.86,4.6,43.8,12.08,4.08,25.92,112.5,2265.71,0.15,2.64,164.69,17.63,46.82
Turkiye,TUR,2013,66.11,6.65,3782.39,22.56,11.61,46.25,680.0,27.57,29.93,90.97,1881.0,0.3,40.76,160.17,8.15,40.92
Ukraine,UKR,2013,92.8,0.27,2234.79,29.22,8.86,40.95,746.0,21.94,39.39,138.44,8449.0,0.03,0.34,198.26,7.53,42.32
United Kingdom,GBR,2013,125.92,1.14,74696.89,43.68,35.83,89.84,12192.69,32.78,44.74,122.35,4944.72,0.2,91.28,0.0,7.88,64.38
United States,USA,2013,15.81,1.14,169222.38,39.46,30.07,71.4,32912.0,158.45,45.78,97.28,6303.0,1.0,199.02,0.0,8.07,61.74
West Bank and Gaza,PSE,2013,18.61,2.21,0.38,37.32,4.92,46.6,0.58,0.97,1.6,73.62,1737.05,0.06,1.99,153.81,19.2,7.72
Zambia,ZMB,2013,8.38,1.68,40.34,31.22,0.09,4.8,3.73,4.69,9.92,68.24,72.86,11.81,0.07,76.06,7.85,23.2
Argentina,ARG,2014,43.34,-3.58,1510.0,38.0,15.22,64.7,2216.99,18.96,25.48,142.99,535.0,0.6,0.41,53.14,7.1,49.13
Australia,AUS,2014,161.17,1.06,5455.32,28.01,27.85,84.0,4165.82,12.18,27.26,106.78,2442.45,0.5,49.98,0.0,5.66,17.82
Austria,AUT,2014,117.27,-0.12,21648.21,36.34,27.6,81.0,1955.21,4.42,45.4,151.56,3261.51,0.2,6.17,0.0,5.34,61.94
Bangladesh,BGD,2014,4.96,4.75,31.74,11.27,1.98,11.9,10.82,59.78,9.47,81.34,13866.95,2.88,0.82,202.64,4.43,1.8
Belgium,BEL,2014,93.95,1.13,26766.12,45.04,35.89,85.0,2822.61,4.96,49.16,113.94,11695.09,0.1,22.1,0.0,8.43,50.94
Brazil,BRA,2014,118.44,-0.35,8794.61,48.13,11.78,54.55,4377.9,98.53,34.15,137.98,2717.68,3.3,29.91,235.93,7.07,36.68
Bulgaria,BGR,2014,93.74,1.54,1154.68,39.31,20.09,55.49,184.75,3.36,28.09,128.69,1666.96,1.7,1.58,0.0,12.94,39.03
Canada,CAN,2014,221.01,1.84,28785.44,37.27,35.5,87.12,10901.91,19.52,37.04,81.31,1336.54,0.2,71.68,0.0,7.07,56.63
Chile,CHL,2014,63.87,0.77,731.38,27.64,14.08,61.11,1072.98,8.32,17.1,133.89,71.11,0.25,14.87,58.86,6.2,12.23
China,CHN,2014,46.65,6.75,653847.62,29.99,14.47,47.9,17748.98,779.04,41.45,92.85,17790.11,2.1,80.41,557.75,4.6,57.34
Colombia,COL,2014,39.52,3.51,762.81,34.8,10.77,52.57,947.98,23.81,20.72,118.54,4449.83,5.4,5.34,121.31,9.05,39.97
Costa Rica,CRI,2014,71.38,2.41,2418.53,25.84,10.66,53.0,310.56,2.34,19.92,144.92,596.4,1.5,0.13,28.93,8.22,61.03
Cote d'Ivoire,CIV,2014,1.96,6.87,241.14,26.93,0.55,10.0,17.2,8.15,14.99,96.13,384.78,4.07,0.86,58.79,4.25,31.81
Croatia,HRV,2014,113.9,-0.02,915.59,47.55,22.98,68.57,307.36,1.84,26.87,104.14,2768.84,1.0,0.93,7.68,17.25,41.83
Cyprus,CYP,2014,52.9,-0.69,68.44,25.41,28.76,69.33,127.25,0.62,19.9,131.15,431.0,0.1,0.17,0.0,15.87,52.73
Egypt, Arab Rep.,2014,10.32,-0.15,72.68,29.96,2.87,29.4,231.6,29.54,17.79,106.78,19236.4,0.62,6.12,193.93,12.6,31.61
France,FRA,2014,108.95,0.48,120586.81,48.43,40.84,83.75,8754.18,30.43,47.04,102.89,24412.28,0.06,39.32,0.0,9.92,65.21
Germany,DEU,2014,118.41,1.78,215614.58,40.26,36.13,86.19,6396.89,42.21,60.59,121.59,16395.72,0.02,35.15,0.0,5.23,72.81
Ghana,GHA,2014,7.94,0.41,96.02,33.57,0.25,19.0,4.08,11.74,10.84,107.68,1863.99,4.63,0.31,163.74,2.17,19.16
Greece,GRC,2014,62.2,1.15,1337.15,22.56,29.05,63.21,370.77,4.87,20.73,111.8,804.71,1.5,10.05,0.0,27.47,23.6
Hungary,HUN,2014,57.12,4.51,15681.72,61.35,26.15,75.65,1701.01,4.39,58.5,118.83,4159.62,0.7,7.98,0.0,10.18,74.62
India,IND,2014,12.82,6.09,18326.34,43.04,1.2,13.5,3990.06,476.57,38.67,72.21,69970.36,8.53,30.75,369.98,8.04,30.21
Indonesia,IDN,2014,42.02,3.8,6585.89,35.48,1.33,17.14,1800.09,122.96,34.89,127.07,7614.42,9.3,10.83,515.73,4.34,29.94
Ireland,IRL,2014,84.67,7.86,25855.88,79.35,27.23,83.49,38193.32,2.25,55.21,106.28,722.43,0.4,6.25,0.0,13.73,52.46
Israel,ISR,2014,123.05,1.94,12408.26,46.68,27.1,75.02,1111.7,3.69,42.12,120.81,764.8,0.5,18.67,0.0,6.21,54.06
Italy,ITA,2014,92.45,-0.92,32860.99,43.62,23.84,55.64,5586.0,25.29,41.93,149.06,9436.14,1.2,35.95,0.0,12.15,54.21
Japan,JPN,2014,128.32,0.43,107367.02,50.57,29.64,89.11,19897.56,65.77,56.21,123.83,2363.85,0.06,116.71,0.0,4.04,78.48
Kazakhstan,KAZ,2014,70.55,2.68,3394.07,61.36,12.21,66.0,152.39,8.91,16.59,162.55,341.41,0.04,0.3,52.46,5.2,36.52
Kenya,KEN,2014,9.49,2.64,62.28,31.2,0.22,16.5,31.78,19.11,13.37,73.38,1304.28,2.67,2.93,213.31,2.83,21.62
Korea, Rep.,2014,288.45,2.7,143473.57,46.46,37.4,84.77,7415.0,26.27,60.06,109.15,6589.1,0.1,123.95,0.0,2.81,72.37
Luxembourg,LUX,2014,97.89,0.23,679.5,28.67,33.59,94.67,870.09,0.27,22.46,144.3,1921.58,0.1,0.18,0.0,5.85,40.17
Malaysia,MYS,2014,57.28,4.37,70927.14,35.79,10.0,63.67,1543.3,14.3,41.63,146.79,1423.37,0.01,43.98,32.64,3.16,59.45
Malta,MLT,2014,58.7,5.51,856.96,53.5,33.95,73.17,446.18,0.2,17.57,122.35,245.88,0.15,0.64,0.0,6.11,38.74
Mauritius,MUS,2014,44.88,3.64,0.36,46.83,14.09,44.8,15.52,0.59,4.97,127.85,0.55,0.05,2.61,19.59,7.32,4.02
Mexico,MEX,2014,48.71,1.58,61491.33,30.17,10.97,44.39,3647.71,51.14,40.39,88.37,23188.81,3.7,12.84,119.4,4.91,79.92
Montenegro,MNE,2014,71.56,1.68,11.12,50.47,16.37,61.0,3.08,0.25,16.06,159.75,545.31,1.6,0.35,13.44,19.59,22.07
Morocco,MAR,2014,24.26,17.47,414.85,42.4,2.91,56.8,56.84,11.71,7.87,129.02,6881.7,0.13,2.8,260.83,9.23,48.94
Namibia,NAM,2014,53.61,4.27,114.01,65.52,1.84,14.84,6.26,0.86,7.35,119.08,64.1,1.42,0.28,43.27,19.03,34.19
Netherlands,NLD,2014,52.99,1.06,84386.29,65.85,40.41,91.67,36136.89,9.05,46.79,115.38,1618.63,0.1,54.33,0.0,7.24,52.73
Nigeria,NGA,2014,13.31,3.55,140.22,36.14,0.01,21.0,250.8,53.71,33.44,77.47,20797.07,11.99,1.2,358.38,3.7,18.99
Norway,NOR,2014,50.5,0.9,5698.24,39.89,38.48,96.3,587.76,2.7,31.8,111.68,791.46,0.1,18.35,0.0,3.42,48.62
Pakistan,PAK,2014,6.29,3.21,264.49,33.01,0.96,10.0,161.0,64.8,22.77,65.19,14629.0,3.31,0.24,261.71,2.95,10.25
Panama,PAN,2014,55.95,3.25,0.23,18.16,7.97,44.92,96.9,1.74,8.03,177.59,461.4,2.9,0.42,16.37,3.7,4.7
Peru,PER,2014,41.96,1.32,206.1,30.58,5.82,40.2,363.76,16.62,14.57,105.03,2707.25,4.8,1.58,140.13,3.57,6.81
Philippines,PHL,2014,21.93,4.64,12557.11,18.51,2.86,34.7,471.31,40.79,43.03,109.87,26716.84,1.85,15.71,201.43,3.5,70.43
Poland,POL,2014,58.3,3.91,16755.6,49.05,18.75,66.6,2332.0,18.29,33.94,147.49,7457.0,0.4,14.08,0.0,10.33,55.38
Portugal,PRT,2014,180.42,1.34,2314.84,37.25,27.46,64.59,505.19,5.29,24.62,114.29,446.47,0.5,17.21,0.0,16.19,38.51
Romania,ROU,2014,63.9,4.51,4471.14,50.97,20.09,54.08,452.53,9.18,36.96,114.62,4805.77,7.0,0.78,0.0,7.1,55.82
Russian Federation,RUS,2014,156.61,-1.05,10399.91,43.18,17.25,70.52,7629.28,75.61,25.57,152.79,6750.81,0.01,10.27,0.0,5.46,21.68
Serbia,SRB,2014,44.72,-1.13,449.01,41.48,16.74,62.08,174.97,3.16,25.92,131.35,4024.79,6.9,0.33,91.87,22.15,47.09
Slovak Republic,SVK,2014,56.21,2.6,8401.14,34.49,21.98,79.98,180.98,2.72,47.48,117.69,2071.69,0.7,0.05,0.0,14.22,69.2
South Africa,ZAF,2014,58.04,-0.17,2806.86,31.41,3.12,49.0,2017.33,21.68,24.43,144.86,970.66,20.5,57.93,193.07,22.04,46.09
Spain,ESP,2014,130.73,1.7,14664.46,19.34,27.99,76.19,2746.13,23.33,38.68,109.34,3035.76,0.8,67.5,0.0,26.09,54.72
Thailand,THA,2014,102.35,0.43,38435.81,36.43,7.78,34.89,3609.71,40.09,41.36,138.79,6584.86,0.1,83.25,97.51,0.25,60.87
Tunisia,TUN,2014,23.14,1.93,871.47,21.29,4.97,46.16,12.8,4.08,25.86,124.98,2290.51,0.15,0.95,167.67,15.93,49.09
Turkiye,TUR,2014,74.9,2.88,4292.92,23.52,11.35,51.04,741.0,28.74,29.24,92.03,1901.0,0.2,39.07,153.44,8.73,41.61
Ukraine,UKR,2014,104.06,-4.88,1989.93,31.08,9.31,46.24,727.0,21.83,29.58,144.28,9667.0,0.03,0.17,177.74,7.17,39.66
United Kingdom,GBR,2014,128.51,2.44,76014.22,43.09,36.64,91.61,10576.68,33.06,44.56,121.13,4804.5,0.2,60.12,0.0,7.52,67.62
United States,USA,2014,15.81,1.54,175881.16,41.02,30.37,73.0,35061.0,158.81,47.04,100.17,6613.0,1.2,197.39,0.0,7.37,62.36
West Bank and Gaza,PSE,2014,20.21,-2.47,1.1,18.58,5.31,53.67,0.82,1.0,3.09,72.2,1489.34,0.06,1.78,149.4,19.89,5.68
Zambia,ZMB,2014,9.36,1.35,21.09,19.91,0.13,6.5,3.77,4.86,9.67,64.27,53.98,11.81,0.02,81.59,8.01,24.99
Argentina,ARG,2015,45.67,1.63,1475.18,37.48,15.85,68.04,2329.27,19.05,25.29,142.96,505.35,0.64,0.67,52.32,7.27,46.13
Australia,AUS,2015,165.23,0.69,5089.63,29.19,28.66,84.56,3913.99,12.32,26.12,108.19,2329.66,0.16,47.93,0.0,6.08,21.76
Austria,AUT,2015,186.37,-0.11,18084.51,38.78,28.41,83.94,1754.33,4.44,45.12,155.87,3239.9,0.7,6.49,0.0,5.62,62.38
Bangladesh,BGD,2015,5.77,5.29,93.61,12.84,3.1,12.9,20.49,60.9,9.47,83.24,14987.53,2.88,9.14,214.08,4.39,1.87
Belgium,BEL,2015,90.93,1.45,22551.6,47.69,36.64,85.05,3348.51,4.98,48.98,113.56,12161.0,0.1,20.03,0.0,8.52,52.7
Brazil,BRA,2015,117.93,-4.36,9433.01,50.69,12.42,58.33,4761.56,99.63,35.46,125.65,2647.91,3.9,26.23,237.62,6.76,40.55
Bulgaria,BGR,2015,90.48,4.09,1185.64,40.57,22.09,56.66,197.87,3.36,28.17,125.79,1684.74,3.4,0.43,0.0,11.42,42.2
Canada,CAN,2015,221.85,-0.09,28241.57,38.09,36.7,90.0,11801.33,19.59,38.44,83.3,1351.3,0.2,74.42,0.0,6.91,59.13
Chile,CHL,2015,56.63,1.11,579.47,31.87,15.22,76.63,1418.82,8.47,14.06,129.86,60.61,0.4,10.46,56.42,6.65,11.71
China,CHN,2015,54.75,6.42,652212.46,25.22,19.88,50.3,21033.08,780.06,41.45,92.7,29910.5,1.2,114.16,552.47,4.63,58.72
Colombia,COL,2015,40.97,1.99,823.79,34.54,11.73,55.9,1282.43,24.25,22.54,121.66,4165.73,4.9,4.52,137.01,8.57,45.98
Costa Rica,CRI,2015,78.8,2.57,869.82,27.04,11.41,59.76,374.4,2.4,16.59,153.94,593.93,1.6,0.23,29.21,8.5,50.64
Cote d'Ivoire,CIV,2015,7.43,4.46,187.85,21.09,0.46,16.7,3.89,8.36,14.99,107.67,387.21,33.4,0.82,66.71,3.48,48.66
Croatia,HRV,2015,116.77,3.37,915.71,46.34,23.18,69.85,281.19,1.9,27.56,103.78,2774.82,0.6,0.83,7.68,17.29,45.31
Cyprus,CYP,2015,53.35,4.01,55.56,30.3,30.72,71.72,39.13,0.63,21.51,130.98,323.09,0.04,0.24,0.0,16.09,43.99
Egypt, Arab Rep.,2015,10.94,0.53,168.39,27.58,3.21,33.89,344.7,30.18,13.85,99.71,17833.1,0.62,4.42,164.6,13.15,34.36
France,FRA,2015,108.22,0.75,109607.53,51.79,42.1,78.01,11054.53,30.41,47.98,104.5,25358.37,0.1,40.92,0.0,10.29,66.43
Germany,DEU,2015,123.51,0.62,199429.95,41.8,37.41,87.59,8696.43,42.46,60.7,117.41,17048.57,0.02,32.63,0.0,4.98,74.05
Ghana,GHA,2015,7.98,-0.27,89.34,40.15,0.25,23.0,4.08,11.98,10.84,121.26,2007.83,4.63,0.14,155.69,4.5,29.49
Greece,GRC,2015,59.46,0.46,1328.84,21.35,31.82,66.83,322.27,4.81,18.85,116.29,734.93,1.4,14.04,0.0,26.49,27.58
Hungary,HUN,2015,57.83,3.95,14668.17,62.1,27.62,72.83,1966.06,4.51,59.45,100.57,4202.89,0.6,5.04,0.0,7.73,76.6
India,IND,2015,17.73,6.72,14583.51,50.09,1.28,14.9,3903.91,476.78,42.86,75.67,70388.64,18.7,37.34,403.62,7.98,33.89
Indonesia,IDN,2015,49.21,3.72,5889.54,38.46,1.54,22.06,1736.37,124.48,35.34,130.82,8551.16,8.3,10.18,495.81,4.05,28.63
Ireland,IRL,2015,98.75,23.2,30615.41,77.25,28.07,83.49,42172.56,2.26,54.35,105.06,725.77,0.4,6.39,0.0,11.86,55.85
Israel,ISR,2015,123.07,0.48,13753.94,50.98,27.14,77.35,998.0,3.8,39.23,132.0,859.0,0.5,15.05,0.0,5.89,57.25
Italy,ITA,2015,92.45,0.88,30088.41,43.14,24.74,58.14,5387.5,25.69,42.09,145.59,10099.26,1.9,95.08,0.0,12.68,55.0
Japan,JPN,2015,127.52,1.67,98249.84,49.18,30.55,91.06,17831.14,65.97,56.77,126.18,3733.91,0.06,98.93,0.0,3.59,79.85
Kazakhstan,KAZ,2015,72.0,-0.27,2855.23,54.91,12.9,70.83,147.89,8.97,14.18,147.51,401.38,0.04,0.39,40.3,5.06,41.49
Kenya,KEN,2015,9.64,2.68,81.21,28.96,0.29,16.59,77.53,19.72,14.88,80.5,1440.85,29.4,1.48,230.29,2.8,20.85
Korea, Rep.,2015,288.59,2.56,149049.32,48.08,37.97,87.56,8616.6,26.63,59.78,113.32,6475.4,0.2,97.01,0.0,2.75,72.42
Luxembourg,LUX,2015,105.23,-0.12,702.2,32.26,34.3,96.38,1352.51,0.28,23.67,141.69,1888.09,0.3,0.16,0.0,5.85,43.48
Malaysia,MYS,2015,56.07,3.53,64451.56,37.23,9.86,71.06,1395.33,14.68,43.1,141.96,1579.52,0.01,42.2,39.63,2.88,61.76
Malta,MLT,2015,55.31,7.02,634.07,55.35,35.75,75.96,510.75,0.21,37.99,114.8,252.78,0.1,0.53,0.0,5.73,41.42
Mauritius,MUS,2015,45.04,3.55,1.29,52.61,15.27,50.14,13.49,0.6,4.99,136.28,327.04,0.05,3.54,20.06,7.47,4.01
Mexico,MEX,2015,50.45,2.09,60215.24,31.7,12.28,57.43,3801.44,51.65,39.69,89.63,24802.08,1.9,9.73,126.92,4.81,80.9
Montenegro,MNE,2015,70.95,3.33,11.85,52.49,17.73,68.12,4.46,0.27,14.86,158.98,543.35,1.3,0.35,11.64,18.05,23.58
Morocco,MAR,2015,25.28,3.02,564.39,39.75,3.31,57.08,73.9,11.83,30.4,124.28,7788.7,0.13,2.55,277.76,9.7,51.48
Namibia,NAM,2015,56.7,2.45,6.26,59.55,3.08,25.69,6.94,0.87,7.35,111.7,80.72,15.6,0.56,38.38,18.52,7.19
Netherlands,NLD,2015,53.65,1.51,69698.58,65.65,41.25,91.72,37444.37,9.03,47.28,122.11,1482.64,0.1,53.37,0.0,7.42,55.41
Nigeria,NGA,2015,16.19,0.08,495.1,28.84,0.01,24.5,258.58,55.76,33.44,81.97,20999.08,32.3,0.89,376.59,3.94,50.66
Norway,NOR,2015,48.32,0.85,5035.41,40.35,39.51,96.81,668.15,2.72,32.26,110.11,759.95,0.2,20.4,0.0,3.48,53.33
Pakistan,PAK,2015,7.27,3.38,266.54,39.71,0.85,11.0,126.0,65.27,22.77,59.68,17244.0,5.1,0.22,240.31,1.83,9.39
Peru,PER,2015,56.73,2.05,219.75,34.24,6.51,40.85,394.28,16.68,14.68,111.47,2636.54,4.7,1.61,150.89,3.21,7.16
Philippines,PHL,2015,23.18,4.59,12557.11,20.81,2.81,36.9,529.35,42.18,41.68,114.37,28690.8,6.5,14.19,223.18,3.6,75.87
Poland,POL,2015,63.41,4.45,16500.62,47.32,18.85,68.0,2693.0,18.39,33.98,141.46,7468.0,0.4,10.72,0.0,8.99,56.1
Portugal,PRT,2015,176.87,2.21,2095.87,35.37,30.31,68.63,517.7,5.23,24.41,113.02,437.46,0.5,20.36,0.0,13.9,39.39
Romania,ROU,2015,65.12,3.65,4436.06,52.67,21.41,55.76,879.8,9.21,41.39,116.15,5083.52,5.3,0.78,0.0,6.8,58.2
Russian Federation,RUS,2015,185.41,-2.18,11449.52,41.84,18.54,70.1,8370.79,75.43,28.56,156.77,7776.54,0.01,7.77,0.0,5.16,27.96
Serbia,SRB,2015,44.13,2.31,390.51,42.72,18.66,65.32,221.2,3.17,25.74,129.38,3696.03,6.6,0.33,95.07,19.22,46.54
Slovak Republic,SVK,2015,58.91,5.07,7461.13,32.89,23.48,77.63,571.82,2.72,49.39,123.06,2395.64,0.7,0.01,0.0,13.18,70.66
South Africa,ZAF,2015,65.5,-0.76,2818.23,32.42,2.52,51.92,1936.69,21.98,24.43,157.49,913.4,3.5,64.45,165.19,22.61,49.93
Spain,ESP,2015,118.66,3.92,13109.48,19.34,29.17,78.69,4514.28,23.09,38.52,109.99,3130.37,0.9,72.29,0.0,24.44,56.78
Thailand,THA,2015,114.21,2.64,38815.03,32.42,8.86,39.32,4593.4,40.21,41.36,146.44,6524.11,0.07,76.26,94.43,0.58,62.66
Tunisia,TUN,2015,24.5,-0.16,838.43,22.17,4.97,46.5,13.66,4.1,25.05,126.29,2346.62,0.1,1.76,171.19,14.26,47.37
Turkiye,TUR,2015,79.61,4.04,3872.1,26.05,11.93,53.74,1582.0,29.6,29.78,92.46,1739.0,0.2,39.38,159.71,9.88,42.85
Ukraine,UKR,2015,95.09,-9.44,1494.82,29.94,11.64,48.88,1072.0,21.67,30.03,142.0,7354.0,0.1,0.09,309.23,9.27,37.56
United Kingdom,GBR,2015,129.51,1.58,74578.6,44.66,37.81,92.0,9634.65,33.33,42.54,121.5,4937.27,0.2,76.9,0.0,6.11,68.99
United States,USA,2015,15.81,1.95,175243.75,40.98,31.49,74.55,35294.0,159.54,46.6,102.31,6503.0,1.2,222.08,0.0,6.17,65.29
West Bank and Gaza,PSE,2015,22.04,1.37,5.86,21.33,6.06,56.7,0.73,1.04,2.19,77.96,1804.54,0.06,2.53,144.44,20.53,12.27
Zambia,ZMB,2015,10.48,-0.31,52.7,14.96,0.14,8.8,1.77,5.03,10.08,71.13,58.3,61.4,0.02,77.4,8.13,29.83
Argentina,ARG,2016,47.51,-3.11,1333.43,39.03,16.61,70.97,2099.0,19.23,26.92,145.92,494.43,0.7,0.45,35.72,7.52,44.12
Australia,AUS,2016,163.9,1.14,5375.12,28.34,30.48,86.54,3973.57,12.55,26.7,109.73,2174.65,0.5,55.58,0.0,6.05,21.82
Austria,AUT,2016,183.27,0.89,17333.74,43.29,28.88,84.32,1777.04,4.5,45.43,126.82,2863.61,0.7,8.31,0.0,5.72,62.53
Bangladesh,BGD,2016,7.09,5.8,31.74,11.93,4.13,18.1,30.13,62.01,7.81,85.1,15295.54,13.5,6.98,179.11,4.37,1.87
Belgium,BEL,2016,90.02,0.76,27174.31,49.13,37.73,86.52,3404.14,4.99,49.27,110.9,10464.91,0.1,11.82,0.0,8.48,53.63
Brazil,BRA,2016,114.97,-4.06,10375.41,49.65,12.99,60.87,6147.33,101.3,32.78,117.99,2896.91,4.7,23.3,189.58,8.56,41.2
Bulgaria,BGR,2016,91.27,3.77,1366.7,36.72,23.43,59.83,229.82,3.33,25.68,123.85,1494.74,2.0,0.43,0.0,9.14,43.44
Canada,CAN,2016,221.49,-0.14,26201.9,38.18,37.07,91.16,11712.16,19.69,37.15,85.15,1274.26,0.2,70.42,0.0,6.91,60.0
Chile,CHL,2016,55.88,0.55,720.58,34.92,16.06,83.56,1614.63,8.57,7.96,128.86,58.99,0.25,8.11,41.51,6.49,11.74
China,CHN,2016,76.65,6.24,594520.85,24.78,23.01,53.2,22613.8,780.71,41.45,97.36,33104.68,0.8,355.52,476.44,4.65,59.13
Colombia,COL,2016,41.31,1.0,766.93,37.44,12.42,58.14,1401.05,24.76,23.33,123.22,5001.6,4.9,3.95,122.08,8.3,42.85
Costa Rica,CRI,2016,60.6,3.15,951.89,27.52,12.92,65.88,454.7,2.38,15.22,168.46,551.99,1.3,0.09,23.64,8.42,49.91
Cote d'Ivoire,CIV,2016,6.95,4.44,126.53,24.34,0.56,41.21,2.89,8.62,14.99,113.37,336.38,4.07,1.14,60.72,2.7,32.22
Croatia,HRV,2016,122.98,4.29,1336.11,46.64,24.71,72.7,275.98,1.9,25.74,104.51,2676.95,0.6,0.84,7.68,16.18,46.76
Cyprus,CYP,2016,51.2,6.09,56.1,33.6,32.58,75.9,39.13,0.62,18.78,132.64,297.85,0.04,0.66,0.0,14.91,38.83
Egypt, Arab Rep.,2016,12.06,2.1,89.65,28.22,3.92,37.82,327.5,30.66,18.21,96.21,19570.4,0.9,8.65,187.38,13.1,32.61
France,FRA,2016,107.23,0.83,108744.12,52.24,43.26,79.27,12764.95,30.49,49.89,105.6,24066.99,0.1,54.46,0.0,10.35,66.99
Germany,DEU,2016,122.3,1.41,205076.6,43.53,38.7,84.17,10729.01,42.66,60.91,125.67,15565.85,0.02,43.03,0.0,4.62,74.34
Ghana,GHA,2016,9.99,0.98,21.06,48.74,0.29,28.0,4.08,12.22,10.84,129.61,4982.44,25.2,0.14,137.31,6.81,15.85
Greece,GRC,2016,58.68,-0.07,1415.19,20.15,33.63,69.09,445.97,4.79,18.31,116.64,509.34,1.0,9.17,0.0,24.9,28.65
Hungary,HUN,2016,57.25,2.5,15878.52,64.16,28.68,79.26,1701.54,4.59,56.3,101.39,3953.86,1.3,5.94,0.0,6.81,76.52
India,IND,2016,19.64,6.98,14261.35,49.84,1.39,16.5,4848.71,476.68,41.39,84.25,68909.69,18.1,38.13,389.26,7.92,34.07
Indonesia,IDN,2016,52.97,3.93,5415.6,37.24,2.0,25.45,1861.87,126.14,30.97,147.25,9659.17,7.5,8.72,403.84,4.51,29.65
Ireland,IRL,2016,92.06,0.86,37981.8,78.02,28.84,83.5,57267.75,2.29,54.31,103.38,603.61,0.1,7.17,0.0,9.91,56.5
Israel,ISR,2016,101.52,2.49,12189.27,49.2,27.67,79.65,1135.7,3.86,39.0,129.55,853.1,0.2,18.58,0.0,5.25,56.62
Italy,ITA,2016,96.25,1.47,31085.83,42.33,25.89,61.32,5179.74,25.65,41.98,142.98,9607.74,1.6,25.34,0.0,11.9,55.72
Japan,JPN,2016,127.65,0.81,99101.2,53.66,31.34,93.18,20941.6,66.06,56.57,131.39,3325.1,0.06,125.35,0.0,3.39,81.31
Kazakhstan,KAZ,2016,71.12,-0.33,2073.67,53.01,13.0,74.59,93.68,9.02,12.5,141.24,294.27,0.1,1.44,55.43,4.93,41.45
Kenya,KEN,2016,9.69,1.94,136.06,28.22,0.28,16.6,147.5,20.34,14.55,81.39,1569.27,2.67,0.97,209.16,2.77,24.46
Korea, Rep.,2016,280.81,2.27,147041.12,49.14,39.27,89.9,9836.8,27.39,60.35,115.57,6573.5,0.1,86.48,0.0,3.08,76.18
Luxembourg,LUX,2016,108.33,2.74,811.59,32.91,34.82,98.14,1702.49,0.29,20.41,130.97,1675.23,0.1,0.16,0.0,6.67,45.83
Malaysia,MYS,2016,54.27,2.93,63195.05,38.63,8.62,78.79,1423.86,15.04,44.12,137.87,1643.72,0.01,36.99,32.5,3.1,62.47
Malta,MLT,2016,55.27,1.04,582.92,55.45,36.62,78.08,555.4,0.21,36.99,125.18,274.4,0.1,0.8,0.0,5.38,57.73
Mauritius,MUS,2016,45.59,3.79,1.05,45.0,16.43,52.19,15.46,0.61,5.24,140.2,223.58,0.05,3.84,15.18,7.41,4.64
Mexico,MEX,2016,52.9,1.47,62439.83,30.44,13.1,59.54,3834.93,52.69,43.24,91.94,26233.17,3.2,8.85,108.25,4.31,80.75
Montenegro,MNE,2016,76.12,2.93,5.17,49.89,18.14,69.88,5.3,0.27,14.86,164.35,469.73,2.5,0.35,12.96,17.55,24.74
Morocco,MAR,2016,26.06,-0.72,602.6,40.0,3.57,58.27,111.11,11.85,32.66,118.18,6903.54,0.13,2.64,232.13,9.46,55.16
Namibia,NAM,2016,58.33,-1.72,24.27,69.7,2.77,31.03,8.62,0.88,7.35,114.49,46.67,1.42,0.24,36.48,20.9,4.01
Netherlands,NLD,2016,49.67,1.65,70989.86,66.53,42.18,90.41,47319.18,9.1,47.44,121.99,2298.09,0.08,31.15,0.0,6.87,55.68
Nigeria,NGA,2016,16.21,-4.05,7.39,29.51,0.06,28.5,252.84,57.87,33.44,81.81,20626.05,11.99,0.83,351.4,4.22,11.52
Norway,NOR,2016,45.81,0.28,4311.78,40.82,40.24,97.3,654.17,2.76,29.78,109.41,608.94,0.3,24.73,0.0,4.3,55.1
Pakistan,PAK,2016,8.45,4.26,311.29,36.67,1.17,12.39,160.0,67.59,22.9,63.92,19306.0,3.31,2.49,245.06,3.57,9.07
Panama,PAN,2016,67.68,3.15,0.82,19.32,10.68,54.0,98.7,1.81,8.0,127.7,554.2,1.5,0.41,14.16,4.37,4.7
Peru,PER,2016,123.1,2.55,186.69,34.33,6.81,45.46,465.59,16.69,15.32,118.63,2725.06,4.6,0.76,120.27,3.27,5.68
Philippines,PHL,2016,25.04,5.27,12557.11,24.28,2.85,39.2,547.03,42.62,40.78,114.51,29799.4,1.85,12.54,197.86,3.07,76.76
Poland,POL,2016,68.45,3.0,16886.38,50.26,19.02,73.3,2945.0,18.33,32.99,137.55,6835.0,0.2,11.03,0.0,7.5,55.8
Portugal,PRT,2016,173.42,2.34,2457.33,36.49,32.67,70.42,660.63,5.2,23.9,111.99,369.22,0.4,9.56,0.0,12.45,40.66
Romania,ROU,2016,68.65,3.45,5254.48,57.1,22.47,59.5,901.3,9.11,40.77,115.67,5391.42,3.2,0.99,0.0,6.81,60.75
Russian Federation,RUS,2016,172.74,0.01,11205.91,41.0,18.95,73.09,8021.37,75.12,28.25,157.72,6903.39,0.01,8.6,0.0,5.57,29.92
Serbia,SRB,2016,45.47,3.88,406.37,42.85,20.61,67.06,224.59,3.14,25.42,129.18,3370.44,6.4,0.33,81.25,17.66,47.03
Slovak Republic,SVK,2016,59.51,1.81,7475.08,43.85,24.61,80.48,672.29,2.74,47.77,128.7,2138.34,1.4,0.1,0.0,11.48,71.69
South Africa,ZAF,2016,68.79,-0.31,2397.48,35.18,2.04,54.0,1732.08,23.12,24.43,146.06,825.25,3.5,67.49,119.74,22.87,50.56
Spain,ESP,2016,116.78,2.95,15598.98,43.85,30.37,80.56,4474.72,23.04,38.77,110.86,2673.41,1.1,81.79,0.0,22.06,58.09
Thailand,THA,2016,117.37,2.98,39026.19,35.32,10.22,47.5,3970.84,40.2,40.13,169.49,5894.67,0.07,67.61,61.85,0.6,63.81
Tunisia,TUN,2016,26.4,0.01,871.06,20.9,5.48,49.6,19.44,4.12,27.57,122.22,1971.38,0.15,1.05,148.2,15.16,51.87
Turkiye,TUR,2016,82.63,1.57,3421.63,42.36,12.96,58.35,1686.0,30.77,29.94,92.65,1385.0,0.2,40.46,137.05,10.24,44.35
Ukraine,UKR,2016,87.12,2.85,1122.99,31.97,12.03,53.0,552.0,21.56,28.44,133.17,8474.0,0.1,0.04,265.24,9.14,35.58
United Kingdom,GBR,2016,131.29,1.39,73806.48,44.76,38.8,94.78,11675.82,33.61,42.19,120.22,5003.39,0.2,53.38,0.0,5.3,70.49
United States,USA,2016,15.81,0.93,173921.74,42.51,32.31,85.54,37562.0,160.64,46.25,103.37,6578.0,1.0,227.39,0.0,5.28,65.74
West Bank and Gaza,PSE,2016,23.07,6.45,4.34,19.4,6.92,59.9,0.92,1.11,2.52,80.1,1817.41,0.5,2.29,125.09,23.0,12.68
Zambia,ZMB,2016,11.26,0.56,256.26,29.34,0.19,10.3,1.89,5.22,9.73,71.67,47.05,11.81,0.02,84.24,8.28,45.35
Argentina,ARG,2017,50.35,1.76,1487.36,39.3,17.8,74.29,2178.07,19.4,27.29,140.5,391.58,0.4,0.78,34.82,8.11,45.42
Australia,AUS,2017,167.7,0.6,4900.49,28.11,32.22,86.55,3526.07,12.73,26.55,108.42,2056.84,0.16,65.89,0.0,5.71,19.02
Austria,AUT,2017,162.92,1.55,17021.3,43.85,28.55,87.94,1459.76,4.58,45.43,123.43,2887.58,0.3,6.71,0.0,6.01,61.27
Bangladesh,BGD,2017,8.03,5.27,31.74,16.12,4.51,19.8,24.37,63.17,7.81,93.29,13574.29,2.88,5.78,189.26,4.35,1.87
Belgium,BEL,2017,88.34,1.23,25234.29,51.54,38.46,87.68,3336.21,5.0,49.23,99.76,10786.36,0.1,11.82,0.0,7.83,53.85
Brazil,BRA,2017,112.1,0.52,10715.07,52.44,13.86,67.47,5517.27,102.28,34.93,106.12,2739.79,5.3,31.25,200.84,11.74,40.85
Bulgaria,BGR,2017,94.16,3.52,1681.8,36.6,25.01,63.41,185.84,3.27,26.85,118.8,1665.57,1.4,0.43,0.0,7.57,42.96
Canada,CAN,2017,223.89,1.81,26937.51,37.99,38.09,92.7,10732.65,19.88,36.35,86.7,1289.32,0.2,75.48,0.0,7.0,56.65
Chile,CHL,2017,53.23,-0.21,634.21,36.89,16.67,82.33,1635.42,8.66,20.12,125.29,64.55,0.3,9.62,45.81,6.73,9.99
China,CHN,2017,81.21,6.3,654156.8,18.94,27.95,54.3,22022.37,780.52,41.45,104.23,26883.28,0.7,162.86,478.55,4.56,59.96
Colombia,COL,2017,41.61,-0.16,692.53,36.89,13.09,62.26,1345.63,25.04,23.27,128.68,5191.96,4.3,5.01,160.46,8.69,41.12
Costa Rica,CRI,2017,63.26,3.14,1106.65,30.92,14.9,71.58,495.83,2.22,14.62,177.02,545.42,1.2,0.06,24.71,8.09,48.46
Cote d'Ivoire,CIV,2017,7.15,4.67,137.43,24.97,0.57,43.84,2.56,8.88,14.99,127.77,342.44,4.07,0.47,64.85,1.9,41.26
Croatia,HRV,2017,127.41,4.66,923.4,49.13,26.14,67.1,267.8,1.84,24.61,102.94,3223.41,0.5,0.61,7.68,13.1,46.82
Cyprus,CYP,2017,50.06,4.75,54.77,14.39,34.21,80.74,39.13,0.62,19.9,136.17,391.57,0.04,0.35,0.0,12.95,32.74
Egypt, Arab Rep.,2017,13.7,2.19,56.1,28.99,4.48,41.25,241.5,30.54,19.84,98.0,18325.4,0.62,4.48,165.57,13.05,34.69
France,FRA,2017,104.74,1.99,108779.75,54.6,44.4,80.5,15660.39,30.51,48.38,107.6,24042.35,0.06,29.07,0.0,10.05,66.06
Germany,DEU,2017,82.52,2.3,195245.4,44.3,40.22,84.39,10117.95,43.57,60.87,132.77,15192.01,0.2,32.4,0.0,4.12,74.23
Ghana,GHA,2017,10.92,5.74,41.16,52.88,0.19,37.88,4.08,12.54,10.84,121.6,2979.93,4.63,0.14,141.25,5.11,18.59
Greece,GRC,2017,59.28,1.29,1383.99,23.93,35.34,69.89,290.74,4.77,18.1,121.0,417.16,0.9,6.33,0.0,23.54,26.55
Hungary,HUN,2017,59.44,4.55,16896.04,62.75,30.2,76.75,2006.47,4.65,56.97,101.59,4171.22,0.6,6.07,0.0,5.11,75.83
India,IND,2017,21.17,5.57,15101.76,49.02,1.32,18.2,5009.03,476.44,41.2,86.32,62744.36,13.4,35.23,352.55,7.84,33.84
Indonesia,IDN,2017,54.34,4.02,5971.48,36.67,2.35,32.34,1652.69,127.34,37.4,164.54,8906.66,6.6,9.7,387.83,4.3,28.09
Ireland,IRL,2017,90.65,7.83,34818.21,79.5,29.31,84.11,70703.01,2.33,54.51,102.66,575.48,0.2,7.47,0.0,8.37,59.58
Israel,ISR,2017,111.05,2.27,12056.94,48.7,28.19,81.58,1061.6,3.93,39.76,126.85,963.4,0.5,16.09,0.0,4.8,59.51
Italy,ITA,2017,94.09,1.82,31878.14,42.35,27.64,63.08,4320.63,25.93,42.69,139.78,9512.83,1.4,25.34,0.0,11.69,55.29
Japan,JPN,2017,127.68,1.76,106183.79,60.75,32.0,91.73,17033.76,66.67,56.91,136.42,3830.45,0.06,104.53,0.0,3.13,81.03
Kazakhstan,KAZ,2017,73.92,2.69,1785.38,55.73,14.07,76.43,149.09,9.07,13.8,145.75,384.17,0.04,0.54,38.33,4.96,35.92
Kenya,KEN,2017,9.16,1.6,48.62,40.06,0.59,17.83,146.18,20.99,12.56,87.47,1744.64,2.67,1.09,215.97,2.76,19.9
Korea, Rep.,2017,275.88,2.54,135900.46,49.97,40.06,92.84,10546.0,27.79,59.84,119.46,6463.9,0.2,125.79,0.0,3.55,75.96
Luxembourg,LUX,2017,110.56,-1.12,622.26,31.97,35.99,97.36,1995.63,0.29,21.77,133.16,1739.88,0.3,0.11,0.0,6.29,45.84
Malaysia,MYS,2017,50.61,4.33,74120.47,37.43,8.41,80.14,1294.97,15.33,44.01,132.41,1603.92,0.01,32.63,35.38,3.44,63.38
Malta,MLT,2017,55.04,7.93,650.67,55.64,37.81,81.01,679.18,0.22,42.7,126.12,251.43,0.2,0.63,0.0,4.69,42.24
Mauritius,MUS,2017,44.5,3.84,28.41,41.24,19.0,55.4,15.75,0.6,4.65,142.07,194.07,0.1,2.54,14.36,6.81,14.31
Mexico,MEX,2017,54.59,1.02,69631.04,30.14,13.84,53.03,3947.79,53.53,44.44,93.07,28690.96,1.9,10.38,114.43,3.86,80.94
Montenegro,MNE,2017,77.92,4.7,5.13,49.52,21.73,71.27,3.45,0.28,14.86,165.18,480.84,3.3,0.35,8.89,17.73,23.49
Morocco,MAR,2017,26.84,3.79,691.27,40.27,3.88,61.76,95.6,11.8,10.57,123.42,6383.47,0.13,2.85,253.6,9.3,56.3
Namibia,NAM,2017,67.72,-2.75,2.16,70.09,2.78,36.84,7.08,0.9,7.35,113.35,66.48,1.42,0.24,37.01,23.35,1.51
Netherlands,NLD,2017,47.51,2.3,77733.57,68.77,42.36,93.2,72163.83,9.13,48.57,119.32,2159.88,0.2,31.15,0.0,6.01,55.99
Nigeria,NGA,2017,16.74,-1.71,18.32,35.26,0.06,33.2,252.84,60.07,33.44,74.9,19697.94,11.99,0.37,346.4,4.51,24.88
Norway,NOR,2017,39.02,1.64,4265.58,40.4,41.03,96.36,569.37,2.77,28.94,108.38,593.57,0.3,28.39,0.0,4.68,48.08
Pakistan,PAK,2017,9.45,3.05,360.26,30.59,1.07,13.78,180.0,68.08,22.9,66.79,19819.0,3.31,2.49,279.42,3.76,10.14
Panama,PAN,2017,69.25,3.79,0.18,24.15,10.77,59.95,57.0,1.86,8.32,128.91,502.52,2.1,0.41,18.12,4.76,4.7
Peru,PER,2017,110.69,0.99,211.71,35.44,7.31,50.45,421.4,16.86,14.45,123.13,2883.89,4.5,1.4,132.59,3.74,4.63
Philippines,PHL,2017,27.04,5.06,33502.47,25.2,3.18,41.6,612.61,43.76,46.36,112.4,31141.97,1.85,11.25,162.55,2.7,78.88
Poland,POL,2017,72.45,5.13,18835.62,51.04,19.81,75.99,2431.0,18.37,32.74,130.95,6763.0,0.3,9.71,0.0,6.16,55.23
Portugal,PRT,2017,168.78,3.76,2816.24,39.66,34.68,73.79,700.15,5.19,24.42,114.13,424.68,0.4,9.56,0.0,11.07,41.38
Romania,ROU,2017,66.78,8.82,5558.6,56.77,24.14,63.75,834.45,8.92,42.9,113.71,5929.79,3.3,0.93,0.0,5.9,61.32
Russian Federation,RUS,2017,168.75,1.71,10359.16,42.24,21.37,76.01,5633.85,75.18,26.89,156.19,6688.67,0.01,10.93,0.0,5.56,28.45
Serbia,SRB,2017,50.3,2.65,396.95,43.02,21.15,70.33,180.33,3.23,25.77,123.14,3205.37,5.4,0.33,86.3,15.26,45.18
Slovak Republic,SVK,2017,60.08,2.78,8812.92,43.49,25.84,81.63,522.19,2.76,47.93,130.86,2119.83,0.2,0.1,0.0,9.67,70.86
South Africa,ZAF,2017,68.96,0.77,2197.95,34.61,1.98,56.17,1641.13,23.43,24.43,156.24,755.43,3.5,124.37,115.32,24.02,46.87
Spain,ESP,2017,113.04,2.73,14928.18,42.11,31.49,84.6,4520.61,22.98,38.7,112.71,2632.18,0.7,52.39,0.0,19.64,55.4
Thailand,THA,2017,117.62,3.75,43933.57,36.66,11.58,52.89,4121.49,39.94,41.36,171.41,6270.03,0.07,78.62,76.55,0.69,63.15
Tunisia,TUN,2017,27.76,1.15,850.81,22.49,6.79,55.5,20.95,4.16,27.57,121.36,1821.25,0.15,1.05,167.09,15.56,51.95
Turkiye,TUR,2017,81.23,6.1,4068.85,44.45,14.53,64.68,1624.0,31.86,30.82,94.77,1186.0,0.1,32.4,186.61,10.84,45.54
Ukraine,UKR,2017,88.77,2.81,1213.57,29.78,12.35,58.89,358.0,21.45,26.01,131.36,9472.0,0.03,0.01,348.36,9.35,34.85
United Kingdom,GBR,2017,129.5,1.75,73689.91,44.21,39.42,90.42,12279.69,33.94,42.93,119.73,4582.28,0.2,53.38,0.0,4.81,69.9
United States,USA,2017,15.81,1.6,154545.03,42.63,32.81,87.27,35178.0,162.45,46.57,103.13,6330.0,1.2,225.04,0.0,4.87,63.57
West Bank and Gaza,PSE,2017,23.58,-0.58,4.29,29.47,7.58,63.3,1.31,1.14,6.99,84.18,2086.58,0.06,2.89,176.14,23.94,11.9
Zambia,ZMB,2017,11.46,0.33,36.47,22.63,0.21,12.2,2.01,5.4,9.73,77.69,38.46,11.81,0.02,85.75,8.39,28.27
Argentina,ARG,2018,53.12,-3.6,647.17,35.73,19.08,77.7,2108.39,19.58,25.04,131.94,479.94,0.8,1.02,45.93,8.35,46.24
Australia,AUS,2018,160.32,1.35,5231.52,28.63,33.74,90.0,3331.03,13.01,25.98,110.65,2001.93,0.5,63.54,0.0,5.59,20.64
Austria,AUT,2018,165.04,1.93,16673.59,44.41,28.52,87.48,1466.53,4.61,45.26,124.25,2956.93,0.6,9.58,0.0,5.5,61.18
Bangladesh,BGD,2018,8.36,6.08,31.74,13.28,4.92,23.44,46.54,67.16,5.26,98.83,13501.93,2.88,9.02,210.11,4.37,1.87
Belgium,BEL,2018,87.45,1.33,28164.34,56.54,39.33,88.65,2759.59,5.09,50.59,99.99,11435.5,0.1,11.82,0.0,7.09,52.3
Brazil,BRA,2018,107.87,0.98,11062.94,58.56,14.86,70.43,5315.11,104.08,34.48,99.64,2698.77,5.3,31.14,201.99,12.93,40.88
Bulgaria,BGR,2018,94.77,3.43,2011.48,36.07,26.75,64.78,183.51,3.36,30.62,117.84,2193.59,0.9,0.43,0.0,6.16,44.69
Canada,CAN,2018,228.42,1.34,30479.68,37.74,39.01,94.64,11567.47,20.14,36.36,89.67,1268.19,0.2,77.62,0.0,6.34,55.74
Chile,CHL,2018,51.6,2.14,667.73,41.8,17.38,84.9,1730.6,8.87,19.63,134.64,66.54,0.25,13.78,47.01,6.95,9.19
China,CHN,2018,83.84,6.25,731318.63,20.45,28.75,59.2,23979.58,778.67,41.45,116.39,28675.98,0.4,139.91,504.42,4.47,60.53
Colombia,COL,2018,42.02,0.64,603.55,36.31,13.55,64.13,1257.28,25.53,22.61,130.92,5818.77,4.5,4.45,164.52,8.87,39.13
Costa Rica,CRI,2018,64.25,1.66,1148.83,32.45,16.56,73.48,503.37,2.34,14.42,168.54,560.37,1.5,0.09,27.88,7.73,51.03
Cote d'Ivoire,CIV,2018,1.96,2.19,78.79,24.6,0.69,37.55,2.71,9.16,14.99,132.61,307.65,11.4,0.47,67.47,3.27,23.46
Croatia,HRV,2018,140.01,3.72,1011.94,52.02,27.1,75.29,269.1,1.82,24.53,105.48,3662.77,0.4,0.77,7.68,11.21,45.61
Cyprus,CYP,2018,48.52,4.37,95.71,15.15,35.81,84.43,39.13,0.63,20.1,137.05,464.46,0.04,0.3,0.0,11.05,28.16
Egypt, Arab Rep.,2018,15.69,2.13,73.85,25.55,5.14,44.95,213.8,30.93,21.61,101.15,18590.4,2.5,3.03,156.32,12.45,33.74
France,FRA,2018,102.19,1.5,117574.88,58.38,45.27,82.04,14758.39,30.55,50.2,109.56,24884.55,0.06,29.07,0.0,9.41,65.88
Germany,DEU,2018,81.23,0.68,209722.67,46.99,41.2,87.04,11295.11,43.82,59.86,129.68,17692.28,0.02,42.23,0.0,3.75,73.91
Ghana,GHA,2018,11.29,3.97,50.01,62.83,0.2,43.0,4.08,12.87,10.84,132.6,3536.41,4.63,0.14,125.14,3.37,15.2
Greece,GRC,2018,61.56,1.87,1754.8,15.85,37.26,72.24,246.66,4.75,18.07,114.46,400.87,0.1,7.61,0.0,21.49,25.46
Hungary,HUN,2018,60.93,5.5,18039.32,62.5,31.5,76.07,1446.68,4.69,51.54,102.72,4123.72,0.2,7.25,0.0,4.16,75.34
India,IND,2018,22.0,5.3,20182.21,51.01,1.33,20.08,5466.04,475.89,44.45,85.9,68967.18,11.1,45.44,495.32,7.73,34.77
Indonesia,IDN,2018,55.14,4.16,6382.01,39.9,3.32,39.9,1732.36,129.76,35.0,119.61,8989.53,5.4,9.11,335.28,3.78,28.71
Ireland,IRL,2018,89.58,7.19,36483.77,82.85,29.58,87.0,76560.42,2.35,54.51,102.83,596.68,0.3,8.6,0.0,6.71,59.24
Israel,ISR,2018,121.38,2.08,12968.6,47.16,28.79,83.73,1202.1,4.0,40.66,126.53,991.2,0.5,19.27,0.0,4.22,58.75
Italy,ITA,2018,92.38,1.12,32487.11,42.32,28.66,74.39,4680.06,26.1,42.01,139.19,9742.19,1.5,25.34,0.0,11.21,54.14
Japan,JPN,2018,127.47,0.77,110741.51,62.04,32.87,88.75,20246.37,67.23,56.91,142.47,4443.03,0.06,117.19,0.0,2.82,80.66
Kazakhstan,KAZ,2018,74.59,2.74,1762.27,55.31,13.28,78.9,126.87,9.11,14.13,140.61,560.42,0.04,0.47,40.06,4.9,35.1
Kenya,KEN,2018,9.43,3.52,54.89,42.39,0.74,19.5,144.48,21.59,12.14,99.1,1962.27,2.67,1.17,195.97,3.52,21.48
Korea, Rep.,2018,271.56,2.87,166652.78,49.96,41.15,95.07,10055.9,28.04,61.47,123.58,6523.6,0.1,106.72,0.0,3.65,75.49
Luxembourg,LUX,2018,115.48,-0.71,858.27,33.31,36.9,97.06,2975.89,0.3,21.13,131.37,1907.54,0.3,0.14,0.0,5.52,46.61
Malaysia,MYS,2018,50.86,3.47,90499.82,40.24,8.32,81.2,1347.91,15.66,43.57,130.91,1648.94,0.01,43.06,50.55,3.41,66.15
Malta,MLT,2018,54.81,2.5,760.31,63.49,39.02,81.66,840.3,0.23,27.84,125.28,269.55,0.1,0.78,0.0,4.0,46.42
Mauritius,MUS,2018,43.49,3.95,31.29,37.3,21.21,58.6,17.58,0.61,4.93,148.06,250.24,0.05,3.28,19.49,6.75,14.34
Mexico,MEX,2018,55.62,1.23,74815.82,31.42,14.8,56.66,4299.09,54.24,44.87,96.9,32270.51,2.6,9.41,122.24,3.42,81.0
Montenegro,MNE,2018,80.98,5.1,4.25,53.19,25.18,71.52,6.01,0.28,14.86,179.65,523.0,2.8,0.35,7.63,16.08,26.11
Morocco,MAR,2018,27.21,1.9,837.11,41.42,4.31,64.8,104.26,11.7,25.39,124.17,6823.0,0.13,3.57,265.62,9.22,57.76
Namibia,NAM,2018,70.43,-0.67,2.89,63.38,2.61,40.0,2.98,0.9,7.35,114.7,48.29,1.42,0.24,37.84,21.66,1.91
Netherlands,NLD,2018,44.59,1.76,85531.77,73.43,42.85,91.89,37624.23,9.19,50.51,122.11,2226.49,0.1,31.15,0.0,4.84,55.62
Nigeria,NGA,2018,16.33,-0.59,41.63,24.58,0.04,38.7,252.84,62.42,33.44,87.07,22037.02,30.9,0.59,346.43,4.73,53.61
Norway,NOR,2018,36.74,0.17,4318.5,43.33,41.52,96.49,505.45,2.76,30.12,107.69,615.78,0.3,29.33,0.0,4.16,44.81
Pakistan,PAK,2018,10.0,4.53,374.56,33.63,0.98,15.34,221.0,68.74,22.9,70.08,19856.0,4.9,2.49,275.94,3.91,10.3
Panama,PAN,2018,70.48,1.96,0.09,20.93,12.97,61.81,47.0,1.89,8.32,137.38,533.36,1.4,0.41,18.77,5.39,6.36
Peru,PER,2018,107.5,2.04,210.91,33.86,8.02,55.05,379.13,17.56,14.28,130.9,3051.24,3.6,3.0,110.93,3.69,4.84
Philippines,PHL,2018,28.14,4.55,33903.55,29.92,3.49,44.1,546.41,42.97,37.55,123.98,32809.77,3.0,10.29,137.98,2.55,80.79
Poland,POL,2018,71.87,5.95,21760.89,51.51,20.38,77.54,2692.0,18.43,32.23,125.35,7305.0,0.2,12.96,0.0,4.89,54.06
Portugal,PRT,2018,167.99,3.01,2977.95,40.85,36.78,74.66,813.73,5.23,24.47,115.25,490.42,0.3,9.56,0.0,8.87,43.07
Romania,ROU,2018,66.83,6.65,6636.99,57.19,25.96,70.68,832.02,9.06,42.77,115.44,6555.66,2.7,1.12,0.0,4.93,61.86
Russian Federation,RUS,2018,164.04,2.82,10075.33,43.22,22.0,80.86,4997.36,74.61,24.83,157.43,8235.0,0.01,9.24,0.0,5.21,26.08
Serbia,SRB,2018,45.43,5.07,458.08,41.29,22.29,73.36,199.75,3.26,24.65,121.07,3589.63,2.9,0.33,111.84,13.48,44.79
Slovak Republic,SVK,2018,60.67,3.89,8967.35,43.06,27.68,80.45,686.31,2.75,49.51,132.95,2164.33,0.2,0.1,0.0,8.13,71.3
South Africa,ZAF,2018,67.74,0.29,2091.4,37.01,1.93,62.4,1831.24,23.78,24.43,161.19,873.86,3.5,107.41,117.98,23.99,46.02
Spain,ESP,2018,111.8,1.84,15483.66,41.97,32.43,86.11,4987.97,22.9,37.8,115.75,3004.75,0.8,55.92,0.0,17.22,54.62
Thailand,THA,2018,117.79,3.89,44752.86,39.69,12.92,56.82,3979.48,39.8,41.36,175.88,6720.12,0.07,74.4,76.31,0.83,62.21
Tunisia,TUN,2018,29.99,1.58,828.93,23.83,8.5,64.19,17.5,4.18,27.57,123.77,1890.33,0.15,1.05,186.78,15.33,48.74
Turkiye,TUR,2018,81.94,2.09,3735.73,43.3,16.19,71.04,1882.0,32.88,33.66,96.75,1048.0,0.22,43.92,231.1,10.82,45.08
Ukraine,UKR,2018,97.83,4.02,1213.06,29.61,12.8,62.55,358.0,21.35,27.37,127.75,12132.0,0.03,0.02,366.14,9.5,35.37
United Kingdom,GBR,2018,127.94,1.09,75580.04,44.26,40.02,90.69,11375.28,34.13,43.42,118.75,4308.89,0.5,53.38,0.0,4.33,68.73
United States,USA,2018,15.81,2.4,153808.46,42.76,33.35,88.5,41974.0,163.97,46.32,104.85,6347.0,1.0,204.27,0.0,4.36,62.31
West Bank and Gaza,PSE,2018,23.88,-1.3,6.24,33.22,7.49,64.4,1.08,1.17,7.58,89.98,2378.92,0.06,2.91,133.43,25.68,13.46
Zambia,ZMB,2018,11.59,0.9,25.81,15.32,0.4,14.3,2.14,5.59,9.73,86.74,93.64,11.81,0.02,89.0,8.52,27.42
Argentina,ARG,2019,58.98,-2.97,561.92,31.97,19.65,79.95,2350.35,20.1,23.9,125.94,522.44,0.8,0.87,45.69,9.22,42.7
Australia,AUS,2019,146.17,0.67,6347.42,27.21,34.71,93.61,3471.86,13.31,26.31,110.3,1867.93,0.16,54.19,0.0,5.3,18.81
Austria,AUT,2019,169.41,1.07,15959.51,44.79,28.37,87.75,1663.37,4.64,45.07,120.79,3022.59,0.6,8.67,0.0,4.85,62.22
Bangladesh,BGD,2019,8.92,6.69,31.74,13.06,4.89,27.76,25.94,68.75,7.81,100.03,15566.24,2.88,5.02,197.22,4.38,1.87
Belgium,BEL,2019,80.97,1.71,33078.39,55.14,39.88,90.28,3591.8,5.14,51.29,99.99,12448.57,0.1,11.82,0.0,5.95,56.16
Brazil,BRA,2019,106.55,0.45,9391.88,60.53,15.54,73.91,5402.13,105.44,34.43,95.39,2933.49,5.4,40.13,180.68,12.46,38.01
Bulgaria,BGR,2019,93.4,4.77,2098.84,31.91,28.57,67.95,178.8,3.34,30.54,115.34,2408.23,0.9,0.43,0.0,5.21,46.29
Canada,CAN,2019,219.96,0.44,31536.89,37.82,40.35,91.91,11833.54,20.34,36.93,91.59,1295.57,0.19,79.62,0.0,5.83,57.39
Chile,CHL,2019,49.69,-1.05,672.13,43.01,18.01,85.02,1709.06,9.06,19.63,131.58,69.86,0.25,14.75,45.87,7.21,8.91
China,CHN,2019,96.42,5.58,715302.94,21.72,31.6,64.08,28746.48,776.28,41.45,122.81,24305.61,0.1,94.07,515.52,4.31,60.26
Colombia,COL,2019,42.34,1.31,753.15,35.83,13.85,65.01,1275.58,26.01,23.93,132.07,6675.08,5.3,4.09,159.54,9.11,40.16
Costa Rica,CRI,2019,74.34,1.54,1154.57,33.69,17.79,81.2,538.24,2.46,14.36,143.77,533.51,1.1,0.07,24.4,9.01,54.21
Cote d'Ivoire,CIV,2019,1.96,3.86,141.8,36.5,0.83,36.29,3.09,9.44,14.99,142.94,332.05,4.07,0.47,92.95,2.84,25.93
Croatia,HRV,2019,147.31,4.0,952.47,48.38,27.96,79.08,307.57,1.79,26.77,106.66,4014.01,0.3,0.4,7.68,8.43,47.51
Cyprus,CYP,2019,42.14,4.11,92.91,10.87,36.78,86.06,232.19,0.64,20.52,139.99,521.19,0.2,0.22,0.0,8.37,36.05
Egypt, Arab Rep.,2019,17.71,3.35,125.22,29.53,6.39,46.92,187.7,30.43,22.73,90.4,24737.4,0.62,5.81,186.79,11.77,31.89
France,FRA,2019,98.09,1.5,120534.3,57.17,46.21,83.34,15849.15,30.69,50.94,111.86,26229.27,0.1,29.07,0.0,9.02,66.54
Germany,DEU,2019,98.02,0.83,208148.36,48.85,42.32,88.13,14364.98,43.94,60.38,128.93,18903.42,0.02,40.66,0.0,3.38,73.9
Ghana,GHA,2019,11.51,4.31,9.93,62.17,0.19,45.01,4.08,13.19,10.84,129.61,3520.57,4.63,0.14,131.63,3.43,10.56
Greece,GRC,2019,62.28,1.99,1778.2,17.05,38.88,75.67,347.58,4.73,19.98,112.37,489.7,0.7,5.61,0.0,19.29,28.41
Hungary,HUN,2019,60.56,4.91,18426.66,60.6,32.64,80.37,1597.95,4.72,51.7,105.13,4404.81,0.3,6.16,0.0,3.71,77.11
India,IND,2019,21.65,2.81,23470.54,48.85,1.39,29.52,6515.41,474.73,44.58,83.25,78790.17,10.0,47.94,409.61,7.65,36.67
Indonesia,IDN,2019,54.37,4.04,6281.27,39.69,3.81,47.69,1900.64,133.33,35.0,126.59,11215.34,4.4,10.04,361.99,4.39,30.71
Ireland,IRL,2019,78.79,4.01,39354.58,84.67,29.87,87.0,75297.54,2.4,54.79,105.4,623.63,0.1,8.32,0.0,5.74,59.47
Israel,ISR,2019,128.38,2.19,12563.74,47.01,28.82,86.79,1351.6,4.07,41.0,135.92,1021.6,0.35,16.58,0.0,4.0,57.63
Italy,ITA,2019,91.04,1.65,32548.43,42.75,29.25,67.85,4783.54,26.16,41.63,133.07,9899.65,1.0,25.34,0.0,10.61,53.81
Japan,JPN,2019,127.1,-0.26,103896.71,63.17,33.79,92.73,21381.39,68.39,56.91,148.27,4369.45,0.06,125.06,0.0,2.47,80.61
Kazakhstan,KAZ,2019,84.26,3.16,2247.38,55.08,13.4,81.88,117.05,9.16,15.9,137.13,618.04,0.04,0.71,35.13,4.85,37.83
Kenya,KEN,2019,9.15,3.05,82.48,50.34,0.96,22.67,206.82,22.18,12.89,107.07,2720.37,2.67,1.17,144.65,4.24,23.61
Korea, Rep.,2019,272.59,2.46,192785.76,48.89,41.19,96.02,9429.4,28.35,63.83,128.41,6526.4,0.1,123.9,0.0,3.65,74.22
Luxembourg,LUX,2019,116.54,0.33,790.98,35.73,37.37,97.12,4196.13,0.31,21.97,131.91,2082.89,0.1,0.11,0.0,5.59,48.12
Malaysia,MYS,2019,50.24,3.12,86900.6,42.59,9.04,84.19,1826.85,16.04,43.32,135.96,1685.58,0.01,37.72,40.83,3.3,65.6
Malta,MLT,2019,52.47,2.88,754.56,62.65,40.21,85.78,972.08,0.25,20.02,125.96,277.41,0.3,0.65,0.0,3.66,44.85
Mauritius,MUS,2019,43.17,2.86,24.3,37.79,23.7,61.73,19.76,0.61,5.3,144.0,244.62,0.05,3.09,17.42,6.43,13.84
Mexico,MEX,2019,58.82,-1.05,75162.63,31.7,15.47,69.63,4647.76,55.36,45.6,97.56,35768.42,1.9,7.67,119.79,3.27,81.73
Montenegro,MNE,2019,87.05,4.1,9.7,48.24,28.36,73.48,5.1,0.28,14.86,182.58,588.91,1.59,0.35,10.16,15.19,26.5
Morocco,MAR,2019,27.79,1.8,1017.95,43.73,4.8,84.12,132.03,11.84,40.87,127.95,6919.42,0.13,3.06,296.63,9.24,59.0
Namibia,NAM,2019,72.44,-2.5,2.51,66.11,2.82,44.83,2.41,0.9,7.35,115.41,53.67,1.42,0.24,42.24,19.88,1.7
Netherlands,NLD,2019,41.08,1.29,86980.98,67.88,42.96,93.29,42021.67,9.31,50.21,125.33,2450.1,0.1,31.15,0.0,3.83,56.64
Nigeria,NGA,2019,16.93,-0.26,85.42,31.55,0.04,45.03,252.84,64.87,33.44,90.8,24311.02,11.99,0.61,236.81,4.96,53.56
Norway,NOR,2019,35.16,0.44,4610.57,45.29,42.27,98.0,1381.22,2.8,35.03,107.99,644.35,0.2,27.1,0.0,3.8,46.86
Pakistan,PAK,2019,10.45,0.86,396.19,40.17,0.91,17.07,227.0,69.63,22.9,74.08,21193.0,3.31,2.49,190.49,4.08,10.21
Panama,PAN,2019,69.95,1.64,0.26,20.87,12.66,63.63,46.3,1.97,6.21,137.64,537.88,1.0,0.41,17.35,5.22,11.07
Peru,PER,2019,112.65,0.31,179.19,34.34,7.3,59.95,306.38,18.03,13.97,121.39,3224.75,3.0,1.02,117.63,3.49,5.08
Philippines,PHL,2019,28.9,4.38,35825.93,28.08,5.72,43.03,751.39,43.8,47.25,151.59,33808.97,1.85,8.42,253.51,2.34,81.19
Poland,POL,2019,70.92,4.48,19829.13,51.31,20.36,80.44,3167.0,18.39,32.28,125.72,7603.0,0.1,9.3,0.0,3.85,54.82
Portugal,PRT,2019,165.77,2.66,3594.68,43.3,38.56,75.35,892.94,5.24,25.96,115.74,545.04,0.1,9.56,0.0,6.99,45.54
Romania,ROU,2019,64.71,4.4,6994.47,56.19,27.03,73.66,911.04,9.0,40.95,116.12,6983.99,2.2,1.0,0.0,4.19,62.49
Russian Federation,RUS,2019,161.11,2.24,10756.54,48.0,22.52,82.64,5979.77,74.5,25.79,164.39,9287.27,0.01,8.88,0.0,4.85,27.46
Serbia,SRB,2019,48.38,4.89,505.6,41.66,23.44,77.42,239.38,3.28,25.07,122.05,4445.61,2.3,0.33,120.2,12.73,45.57
Slovak Republic,SVK,2019,61.86,2.37,8048.02,46.0,29.16,82.85,706.69,2.75,51.17,135.67,2210.6,0.1,0.1,0.0,6.54,72.7
South Africa,ZAF,2019,66.93,-0.99,1832.83,41.47,2.15,69.7,1883.35,23.77,24.43,166.94,929.04,3.5,72.99,116.15,24.22,45.99
Spain,ESP,2019,108.5,1.25,15036.52,43.16,33.13,90.72,5065.25,22.93,37.79,117.45,3331.71,0.8,43.87,0.0,15.25,54.99
Thailand,THA,2019,117.5,1.86,40141.56,39.73,14.18,66.65,4280.77,40.23,41.36,181.77,7466.08,0.1,76.28,75.26,0.77,61.12
Tunisia,TUN,2019,30.72,0.61,840.51,23.66,9.91,66.7,16.57,4.2,27.57,122.59,1902.29,0.15,1.05,211.73,15.46,51.64
Turkiye,TUR,2019,83.72,-0.03,4280.2,42.55,17.05,73.98,1777.0,33.44,35.83,96.78,1128.0,0.4,47.5,266.77,10.89,44.4
Ukraine,UKR,2019,97.39,3.79,1165.83,28.42,16.16,70.12,430.0,21.24,31.8,130.63,14694.0,0.03,0.01,370.17,8.8,35.11
United Kingdom,GBR,2019,115.44,1.03,76894.06,45.21,40.29,92.52,12336.31,34.42,48.17,120.85,4389.71,0.5,53.38,0.0,4.0,68.63
United States,USA,2019,15.81,1.83,153923.49,43.97,34.19,89.43,44406.0,165.31,46.02,106.41,6941.0,1.0,160.85,0.0,3.9,63.6
West Bank and Gaza,PSE,2019,24.74,-1.15,6.64,30.25,7.32,70.62,1.31,1.19,7.21,86.33,2833.91,0.06,2.17,120.27,26.26,14.36
Zambia,ZMB,2019,11.55,-1.56,22.48,16.69,0.48,16.8,2.29,5.79,9.73,93.69,106.97,11.81,0.02,79.2,5.03,27.17
Argentina,ARG,2020,60.75,-10.81,546.45,31.71,21.25,85.51,2054.24,20.61,25.26,121.6,561.4,1.1,0.67,42.8,9.84,36.38
Australia,AUS,2020,136.54,-1.28,5597.9,27.54,35.45,96.39,3674.8,13.59,29.83,105.23,1762.65,0.16,59.92,0.0,5.16,15.71
Austria,AUT,2020,171.91,-6.84,15986.05,45.33,29.26,87.53,1860.5,4.66,45.14,120.32,2996.06,0.7,7.53,0.0,4.49,62.54
Bangladesh,BGD,2020,9.42,2.27,31.74,13.89,6.0,32.87,41.79,70.25,7.81,105.29,18363.86,2.88,3.74,217.37,4.38,1.87
Belgium,BEL,2020,75.19,-5.77,34420.44,54.64,40.95,91.53,3809.79,5.19,51.56,99.72,12330.1,0.1,11.82,0.0,5.36,59.6
Brazil,BRA,2020,102.74,-3.92,5944.93,54.1,17.05,81.34,5124.1,107.42,34.43,96.55,3213.62,1.9,55.45,189.66,12.05,32.02
Bulgaria,BGR,2020,94.33,-3.38,2153.93,25.03,30.31,70.16,208.97,3.39,32.63,113.85,2342.37,0.2,0.25,0.0,4.23,48.67
Canada,CAN,2020,214.08,-6.09,25572.23,38.15,41.1,92.3,12724.59,20.76,37.45,85.41,1311.78,0.19,82.16,0.0,5.66,54.72
Chile,CHL,2020,49.62,-7.41,1368.06,41.52,19.5,86.37,2034.38,9.21,20.37,129.89,69.37,0.7,13.19,45.87,7.27,8.83
China,CHN,2020,94.87,2.0,757458.88,22.83,33.93,70.05,35782.95,775.32,41.45,120.6,18294.31,3.71,127.79,562.25,4.56,61.36
Colombia,COL,2020,42.43,-8.61,689.65,33.98,15.25,70.85,1412.62,26.3,23.93,132.87,7115.32,9.4,4.3,172.38,9.96,42.33
Costa Rica,CRI,2020,70.51,-4.99,1038.67,33.3,19.38,80.53,623.65,2.57,14.16,146.64,553.38,2.3,0.06,23.11,10.81,56.85
Cote d'Ivoire,CIV,2020,1.96,-0.78,129.34,38.43,0.97,41.37,10.02,9.74,14.99,149.54,328.29,4.07,0.25,87.07,2.4,25.93
Croatia,HRV,2020,156.8,-8.18,1084.08,45.36,25.16,78.32,311.31,1.78,30.53,106.81,4280.38,0.3,0.54,7.68,6.62,49.21
Cyprus,CYP,2020,40.77,-5.45,62.94,30.76,37.4,90.8,39.13,0.65,28.1,139.64,535.46,0.04,0.22,0.0,7.07,40.46
Egypt, Arab Rep.,2020,18.72,3.68,323.85,24.85,7.17,57.28,254.5,29.9,22.73,90.27,25515.7,1.5,5.51,224.7,9.86,32.02
France,FRA,2020,96.24,-8.03,87120.4,55.61,47.5,84.71,14350.6,30.65,52.38,112.83,30024.73,0.1,29.07,0.0,8.41,65.32
Germany,DEU,2020,81.48,-3.78,182351.78,49.75,43.46,89.81,16367.8,44.43,61.25,128.89,18339.31,0.02,34.73,0.0,3.14,73.36
Ghana,GHA,2020,11.14,-1.54,43.37,69.39,0.24,56.68,44.88,13.52,10.84,125.73,4053.69,4.63,0.14,142.71,3.46,10.56
Greece,GRC,2020,63.37,-8.81,2006.3,18.66,40.5,78.12,382.96,4.74,21.74,108.57,676.33,0.8,7.52,0.0,17.31,35.95
Hungary,HUN,2020,60.94,-4.33,18155.66,59.95,33.49,84.77,1628.93,4.75,53.3,105.97,4892.49,0.4,5.28,0.0,3.42,77.5
India,IND,2020,20.95,-6.73,21583.2,48.07,1.64,43.41,7905.96,501.04,44.58,82.62,83332.08,8.53,45.34,490.53,6.51,40.04
Indonesia,IDN,2020,53.41,-2.89,6408.69,37.75,4.31,53.73,1470.07,136.2,35.0,130.81,11666.4,3.8,10.53,353.62,3.59,31.57
Ireland,IRL,2020,73.41,5.1,42490.85,83.81,30.66,92.0,85482.3,2.45,54.8,105.82,586.69,0.1,5.45,0.0,4.95,60.05
Israel,ISR,2020,133.15,-3.57,12960.52,49.28,29.71,90.13,1381.9,4.13,41.0,140.11,953.4,0.35,17.01,0.0,3.8,64.33
Italy,ITA,2020,91.03,-8.53,32892.83,43.14,30.47,70.48,5141.29,25.91,42.89,130.39,10458.52,0.8,25.34,0.0,9.95,56.39
Japan,JPN,2020,123.76,-4.0,102751.1,62.56,35.13,90.22,21993.73,69.05,56.91,155.74,4388.72,0.06,99.6,0.0,2.35,81.53
Kazakhstan,KAZ,2020,85.94,-3.76,2492.25,55.06,13.81,85.94,167.71,9.23,16.91,128.0,506.08,0.04,0.19,40.93,4.8,38.69
Kenya,KEN,2020,7.69,-2.26,85.95,47.48,1.3,25.53,131.73,22.78,13.11,118.13,2838.19,2.67,0.47,171.7,5.01,21.17
Korea, Rep.,2020,267.08,1.89,153546.69,47.67,42.01,96.16,9701.6,28.51,63.83,132.99,7125.1,0.1,142.37,0.0,3.82,73.83
Luxembourg,LUX,2020,113.85,-2.44,618.35,35.21,37.31,98.82,4374.51,0.32,21.32,132.95,2099.26,0.13,0.07,0.0,5.59,47.82
Malaysia,MYS,2020,56.09,-6.66,92100.01,41.0,10.12,89.56,2006.74,16.44,43.32,131.7,1597.35,0.01,29.74,47.47,3.26,65.17
Malta,MLT,2020,48.86,-10.61,791.98,63.21,41.34,86.86,1027.58,0.27,31.48,122.85,245.29,0.3,0.63,0.0,3.62,70.83
Mauritius,MUS,2020,42.78,-14.6,20.09,38.92,24.9,64.88,14.2,0.62,5.3,147.39,318.51,0.05,2.59,20.26,6.33,15.23
Mexico,MEX,2020,61.54,-8.65,71003.03,31.67,17.86,71.49,5123.07,56.82,45.6,97.54,39021.79,3.1,6.67,114.74,3.48,80.51
Montenegro,MNE,2020,81.12,-15.21,9.91,47.2,29.28,77.61,6.03,0.29,14.86,171.7,584.32,1.59,0.35,27.21,15.13,30.69
Morocco,MAR,2020,28.58,-8.17,850.0,38.95,5.7,84.12,166.92,11.99,41.23,133.89,6962.58,0.13,2.53,275.1,9.24,61.65
Namibia,NAM,2020,72.37,-9.67,3.76,59.3,3.16,48.76,1.28,0.92,7.35,116.43,65.59,1.42,0.78,45.56,20.0,1.46
Netherlands,NLD,2020,41.06,-4.42,87143.36,68.47,43.16,91.33,45150.66,9.47,51.19,122.83,2234.08,0.08,31.15,0.0,3.38,59.56
Nigeria,NGA,2020,17.19,-4.16,190.33,35.48,0.03,51.46,252.84,67.37,33.44,98.03,23809.28,11.99,0.57,241.81,5.21,74.2
Norway,NOR,2020,32.97,-1.86,4068.98,41.47,44.38,97.0,738.22,2.83,45.16,108.29,615.74,0.17,24.88,0.0,3.69,49.35
Pakistan,PAK,2020,10.84,-2.97,309.39,42.67,1.08,18.93,189.0,71.92,22.9,77.3,22252.0,3.31,2.49,219.17,4.83,11.13
Panama,PAN,2020,73.65,-18.85,0.69,21.69,13.83,65.54,631.06,2.04,6.21,142.25,580.85,2.0,0.54,11.41,6.33,7.69
Peru,PER,2020,126.71,-12.15,172.74,33.73,8.29,65.25,349.22,18.53,14.58,118.18,3325.92,5.9,0.7,116.34,3.38,6.26
Philippines,PHL,2020,28.98,-10.98,34896.25,27.79,7.07,47.11,916.98,45.09,47.25,133.33,35167.47,1.85,7.96,182.15,2.24,81.18
Poland,POL,2020,70.51,-1.85,19966.82,51.65,21.78,83.18,3639.0,18.33,33.25,128.42,7063.0,0.25,8.45,0.0,3.28,54.05
Portugal,PRT,2020,170.19,-8.4,3370.85,41.15,40.4,78.26,883.7,5.26,27.13,115.08,617.6,0.5,9.56,0.0,6.46,45.78
Romania,ROU,2020,64.39,-3.15,6984.61,50.73,29.24,78.46,962.38,8.97,44.36,116.18,8142.03,1.4,0.81,0.0,3.91,64.13
Russian Federation,RUS,2020,165.46,-2.46,6524.88,44.86,23.23,84.99,6288.17,73.6,25.79,163.59,10432.48,0.01,10.67,0.0,4.5,28.42
Serbia,SRB,2020,50.34,-0.24,701.57,42.78,25.18,78.37,289.73,3.27,25.07,120.22,4237.93,1.6,0.33,113.08,10.39,46.71
Slovak Republic,SVK,2020,61.84,-3.42,7860.07,44.9,31.18,89.92,751.53,2.74,52.78,133.59,2544.69,0.45,0.1,0.0,5.75,74.42
South Africa,ZAF,2020,65.31,-7.48,1835.04,39.96,2.22,70.32,1540.11,24.14,24.43,163.19,890.06,3.5,73.31,124.43,25.54,45.11
Spain,ESP,2020,106.17,-11.76,15725.22,41.61,34.18,93.21,6644.64,23.14,39.58,117.49,3206.85,0.9,35.87,0.0,14.1,56.28
Thailand,THA,2020,115.09,-6.29,45837.99,35.43,16.06,77.84,5274.35,39.95,41.36,162.7,8162.16,0.07,67.49,88.05,0.72,63.11
Tunisia,TUN,2020,32.21,-9.66,803.71,21.21,10.97,72.81,17.72,4.24,27.57,122.13,2049.66,0.15,1.05,260.3,15.13,51.64
Turkiye,TUR,2020,83.95,1.15,4172.7,41.6,19.89,77.67,2114.0,33.61,36.74,97.61,848.0,0.22,45.74,374.53,13.67,44.38
United Kingdom,GBR,2020,110.28,-11.36,58143.8,46.55,40.79,94.82,14572.55,34.7,48.17,117.82,4214.81,0.5,53.38,0.0,3.74,65.93
United States,USA,2020,15.81,-3.7,141538.56,44.27,36.09,90.62,42736.0,167.1,46.11,104.94,7049.0,0.2,108.47,0.0,3.67,65.1
West Bank and Gaza,PSE,2020,24.87,-13.5,11.99,25.87,7.39,74.6,1.57,1.25,7.21,79.63,3152.86,0.06,1.6,127.83,25.34,15.87
Zambia,ZMB,2020,10.14,-5.6,10.7,16.85,0.43,18.05,35.0,6.12,9.73,100.93,98.26,11.81,0.02,87.22,5.54,21.51
