Country Name,Country Code,2010,2011,2012,2013,2014,2015,2016,2017,2018,2019,2020
Aruba,ABW,131.35,,132.21,134.91,134.85,135.24,,,,132.47,132.29
Africa Eastern and Southern,AFE,38.53,48.02,52.77,57.69,61.94,67.29,64.28,64.22,72.32,68.74,71.06
Afghanistan,AFG,36.24,47.17,50.35,53.29,56.26,58.39,62.37,67.14,59.9,59.78,58.19
Africa Western and Central,AFW,52.27,58.25,67.11,75.01,80.3,85.2,84.84,83.23,92.58,93.13,98.38
Angola,AGO,40.25,49.77,50.76,50.81,51.8,49.36,44.59,44.11,42.49,45.84,43.81
Albania,ALB,92.41,106.87,121.02,127.67,116.49,117.99,116.96,125.92,94.36,91.52,91.35
Andorra,AND,91.58,92.17,89.94,89.58,92.49,99.43,104.95,108.8,110.13,115.15,103.45
Arab World,ARB,85.61,94.48,100.3,104.74,104.24,103.0,100.42,98.2,96.4,94.99,94.29
United Arab Emirates,ARE,128.82,136.76,158.98,183.54,190.35,201.22,221.31,218.63,219.7,212.8,197.84
Argentina,ARG,138.89,146.25,153.33,158.92,142.99,142.96,145.92,140.5,131.94,125.94,121.6
Armenia,ARM,131.19,109.64,114.01,115.33,119.7,120.35,119.85,122.32,126.18,128.3,124.35
American Samoa,ASM,,,,,,,,,,,
Antigua and Barbuda,ATG,196.01,202.94,145.29,129.22,134.52,195.69,198.75,201.93,,199.75,198.57
Australia,AUS,102.18,106.4,107.08,107.91,106.78,108.19,109.73,108.42,110.65,110.3,105.23
Austria,AUT,146.37,155.19,161.19,156.52,151.56,155.87,126.82,123.43,124.25,120.79,120.32
Azerbaijan,AZE,98.52,108.13,106.74,105.36,108.32,108.45,102.13,100.55,101.84,105.06,100.58
Burundi,BDI,18.39,20.25,22.94,24.99,30.43,46.59,49.14,53.07,54.97,55.01,54.26
Belgium,BEL,111.73,114.06,111.62,110.92,113.94,113.56,110.9,99.76,99.99,99.99,99.72
Benin,BEN,74.9,79.84,83.96,93.39,81.59,85.23,78.97,75.65,79.24,84.21,88.12
Burkina Faso,BFA,35.42,46.27,58.29,63.74,68.76,77.18,79.92,90.47,94.83,97.2,102.76
Bangladesh,BGD,45.77,56.17,63.9,75.67,81.34,83.24,85.1,93.29,98.83,100.03,105.29
Bulgaria,BGR,134.35,138.87,143.97,141.12,128.69,125.79,123.85,118.8,117.84,115.34,113.85
Bahrain,BHR,129.12,139.73,173.39,175.18,177.63,184.93,212.45,162.3,140.7,128.41,119.86
Bahamas, The,97.49,114.76,79.06,78.52,74.42,80.91,79.24,90.97,88.6,96.72,105.18
Bosnia and Herzegovina,BIH,81.61,84.72,91.38,96.43,97.76,97.71,97.79,100.0,101.79,111.75,105.76
Belarus,BLR,106.18,110.18,110.14,114.69,117.62,118.02,117.84,117.59,119.84,120.19,121.49
Belize,BLZ,60.29,67.49,51.16,50.66,48.9,58.89,60.69,63.9,64.47,65.52,66.85
Bermuda,BMU,139.01,,143.17,148.49,93.9,60.18,101.3,102.72,,105.0,106.2
Bolivia,BOL,70.23,80.35,89.82,97.04,95.73,91.64,89.73,95.87,98.61,99.25,98.9
Brazil,BRA,100.29,118.25,124.18,134.39,137.98,125.65,117.99,106.12,99.64,95.39,96.55
Barbados,BRB,127.43,126.29,126.47,111.14,110.08,120.39,119.22,118.04,117.75,117.54,105.1
Brunei Darussalam,BRN,109.86,110.37,115.52,113.87,108.5,109.95,122.88,126.6,130.32,131.22,121.48
Bhutan,BTN,55.89,67.88,77.78,74.68,84.81,90.91,93.15,96.63,92.32,95.02,96.46
Botswana,BWA,112.99,135.91,141.66,146.43,150.88,150.76,139.81,134.92,137.93,149.89,150.39
Central African Republic,CAF,21.01,20.97,23.95,28.33,24.08,25.78,25.45,23.52,25.11,30.62,34.27
Canada,CAN,76.04,78.2,79.9,80.88,81.31,83.3,85.15,86.7,89.67,91.59,85.41
Central Europe and the Baltics,CEB,121.74,124.8,129.36,131.77,130.86,126.08,125.0,122.13,119.83,120.79,121.62
Switzerland,CHE,123.29,127.45,132.08,136.6,136.18,135.76,134.27,131.2,126.71,126.95,127.41
Channel Islands,CHI,,,,,,,,,,,
Chile,CHL,116.75,129.94,138.05,135.13,133.89,129.86,128.86,125.29,134.64,131.58,129.89
China,CHN,63.72,72.67,81.38,89.32,92.85,92.7,97.36,104.23,116.39,122.81,120.6
Cote d'Ivoire,CIV,73.86,80.44,82.23,86.3,96.13,107.67,113.37,127.77,132.61,142.94,149.54
Cameroon,CMR,43.45,51.28,62.32,72.41,76.41,78.92,78.94,82.55,73.6,83.01,84.37
Congo, Dem. Rep.,14.72,17.8,22.79,28.3,38.43,48.8,48.0,35.48,41.97,41.88,41.29
Congo, Rep.,69.25,83.8,84.74,90.87,96.51,99.7,102.99,104.57,95.17,91.89,91.82
Colombia,COL,99.24,101.97,107.17,108.77,118.54,121.66,123.22,128.68,130.92,132.07,132.87
Comoros,COM,25.19,32.3,41.42,49.69,53.6,58.17,60.89,61.56,64.27,72.72,96.95
Cabo Verde,CPV,71.35,75.15,79.67,92.5,112.32,110.74,107.8,108.37,106.85,103.23,93.49
Costa Rica,CRI,67.68,88.74,113.54,148.43,144.92,153.94,168.46,177.02,168.54,143.77,146.64
Caribbean small states,CSS,113.3,106.95,103.29,108.44,110.75,112.93,116.77,112.62,111.1,114.18,111.86
Cuba,CUB,8.88,11.64,14.87,17.63,22.33,29.41,35.16,40.7,47.43,53.4,58.95
Curacao,CUW,128.01,127.6,124.86,122.49,114.61,112.34,109.32,109.13,100.9,95.41,96.15
Cayman Islands,CYM,185.98,174.4,173.82,168.41,152.89,153.08,153.65,152.02,,149.7,148.57
Cyprus,CYP,123.13,126.56,128.3,128.16,131.15,130.98,132.64,136.17,137.05,139.99,139.64
Czechia,CZE,123.6,125.45,128.64,130.48,132.29,118.35,118.59,119.99,120.6,124.34,123.44
Germany,DEU,108.7,111.64,113.31,122.47,121.59,117.41,125.67,132.77,129.68,128.93,128.89
Djibouti,DJI,18.02,20.61,22.26,25.12,29.02,31.24,33.74,35.86,37.37,38.54,39.81
Dominica,DMA,153.54,158.45,158.66,135.97,106.51,110.35,111.94,106.86,108.47,109.39,103.63
Denmark,DNK,115.67,128.64,130.21,124.99,126.72,124.68,122.4,124.46,125.14,124.98,124.5
Dominican Republic,DOM,90.97,88.56,89.07,90.58,80.76,84.54,82.72,82.36,83.02,82.23,81.73
Algeria,DZA,91.42,97.46,100.72,103.99,111.71,109.32,116.61,111.45,112.47,106.37,104.84
East Asia & Pacific (excluding high income),EAP,70.21,80.18,88.95,95.92,100.98,101.51,107.88,114.3,120.39,126.85,124.18
Early-demographic dividend,EAR,67.2,76.46,78.61,82.25,85.2,88.05,93.96,96.36,95.61,95.77,95.4
East Asia & Pacific,EAS,73.98,83.52,91.84,98.43,103.47,104.11,110.21,116.31,122.31,128.55,126.54
Europe & Central Asia (excluding high income),ECA,122.59,119.28,121.79,125.93,127.04,127.58,126.95,127.13,125.82,131.13,129.89
Europe & Central Asia,ECS,120.33,120.44,122.58,125.06,124.88,124.31,124.12,124.35,123.38,125.79,124.9
Ecuador,ECU,98.61,100.62,106.28,105.74,104.06,79.92,84.44,87.75,92.7,91.41,88.04
Egypt, Arab Rep.,64.74,80.98,93.53,106.09,106.78,99.71,96.21,98.0,101.15,90.4,90.27
Euro area,EMU,117.46,120.43,121.82,122.87,121.21,120.55,121.61,123.04,122.71,122.23,121.6
Eritrea,ERI,5.89,7.54,9.39,10.76,12.56,14.22,15.04,20.46,,37.47,50.65
Spain,ESP,110.34,112.54,108.36,107.63,109.34,109.99,110.86,112.71,115.75,117.45,117.49
Estonia,EST,124.13,136.06,151.19,146.24,144.35,144.79,144.23,144.54,145.52,147.02,144.86
Ethiopia,ETH,7.68,15.39,21.73,26.42,30.57,41.29,48.65,36.6,,36.73,37.97
European Union,EUU,118.36,121.51,123.54,124.93,123.56,121.83,122.19,122.56,121.96,121.8,121.48
Fragile and conflict affected situations,FCS,43.54,48.93,55.53,62.07,68.29,71.98,70.5,67.69,76.78,74.45,75.98
Finland,FIN,156.43,165.92,172.15,136.26,139.21,134.98,131.39,129.99,129.64,129.49,128.76
Fiji,FJI,77.1,80.03,94.26,101.86,95.7,105.32,113.75,112.5,110.45,112.14,107.72
France,FRA,92.54,95.29,98.71,99.98,102.89,104.5,105.6,107.6,109.56,111.86,112.83
Faroe Islands,FRO,122.8,120.85,121.35,119.28,120.26,109.01,110.07,112.72,111.46,106.34,112.97
Micronesia, Fed. Sts.,25.49,25.58,25.58,28.84,28.9,,20.56,21.3,20.93,,20.65
Gabon,GAB,94.09,133.72,139.26,144.32,149.11,139.09,142.0,124.44,133.69,133.44,133.02
United Kingdom,GBR,122.26,121.93,122.76,122.35,121.13,121.5,120.22,119.73,118.75,120.85,117.82
Georgia,GEO,103.69,115.93,123.51,131.88,143.1,147.19,146.69,145.88,144.72,142.73,135.43
Ghana,GHA,68.18,80.77,95.38,101.82,107.68,121.26,129.61,121.6,132.6,129.61,125.73
Gibraltar,GIB,95.96,102.52,108.05,,117.1,127.43,126.32,125.87,125.72,124.02,108.35
Guinea,GIN,38.95,46.17,51.76,67.27,76.62,92.59,93.12,95.58,95.68,99.96,104.47
Gambia, The,69.9,76.31,70.12,74.05,87.01,104.32,120.53,122.48,124.56,130.12,103.02
Guinea-Bissau,GNB,43.22,45.53,63.48,55.36,63.57,69.23,70.09,76.33,76.91,80.71,94.94
Equatorial Guinea,GNQ,36.48,41.84,41.98,41.06,39.88,39.6,41.15,39.02,39.36,39.73,40.41
Greece,GRC,111.41,110.21,121.86,114.7,111.8,116.29,116.64,121.0,114.46,112.37,108.57
Grenada,GRD,106.93,105.17,112.08,113.73,99.3,100.66,99.17,93.6,97.44,94.67,96.04
Greenland,GRL,101.77,104.36,105.79,107.69,108.66,109.14,,111.43,109.77,110.24,117.73
Guatemala,GTM,124.24,131.32,137.41,140.81,107.62,113.25,112.11,120.56,121.47,122.03,117.44
Guam,GUM,,,,,,,,,,,
Guyana,GUY,74.93,71.05,73.53,74.26,75.48,71.86,77.02,84.27,,97.4,107.38
High income,HIC,109.27,113.01,115.31,117.05,118.43,118.7,119.49,119.35,120.65,121.97,121.85
Hong Kong SAR, China,177.56,193.39,213.13,226.53,232.61,230.67,226.01,236.49,246.53,265.97,286.22
Honduras,HND,112.47,93.5,83.82,86.68,84.63,86.59,82.79,85.53,77.49,75.91,68.77
Heavily indebted poor countries (HIPC),HPC,36.84,44.6,50.46,56.48,61.75,66.56,65.09,65.14,72.13,68.1,70.93
Croatia,HRV,112.81,117.54,114.77,109.57,104.14,103.78,104.51,102.94,105.48,106.66,106.81
Haiti,HTI,40.64,42.19,60.3,69.78,65.01,69.1,60.71,58.05,59.96,61.32,64.73
Hungary,HUN,120.28,117.45,116.7,117.14,118.83,100.57,101.39,101.59,102.72,105.13,105.97
IBRD only,IBD,78.8,87.56,91.79,96.56,99.26,99.77,104.25,107.37,108.62,111.2,109.79
IDA & IBRD total,IBT,70.28,78.57,83.13,88.15,91.56,92.74,96.3,98.75,102.01,103.47,103.09
IDA total,IDA,43.54,50.62,56.55,62.61,68.42,71.85,72.94,73.72,81.33,81.62,84.49
IDA blend,IDB,54.19,58.99,64.39,68.74,71.72,72.01,74.03,73.7,79.42,85.2,90.04
Indonesia,IDN,86.59,101.1,112.69,123.67,127.07,130.82,147.25,164.54,119.61,126.59,130.81
IDA only,IDX,38.17,46.39,52.59,59.52,66.75,71.77,72.4,73.73,82.42,79.85,81.75
Isle of Man,IMN,,,,,,,,,,,
India,IND,60.63,71.08,67.85,68.65,72.21,75.67,84.25,86.32,85.9,83.25,82.62
Not classified,INX,,,,,,,,,,,
Ireland,IRL,103.91,107.96,109.84,106.36,106.28,105.06,103.38,102.66,102.83,105.4,105.82
Iran, Islamic Rep.,70.71,71.71,73.41,75.21,83.16,86.16,90.74,96.66,103.01,103.63,136.39
Iraq,IRQ,74.41,78.82,79.01,91.46,89.8,88.88,86.43,84.34,89.99,89.56,88.06
Iceland,ISL,107.14,107.76,109.7,109.95,112.94,115.97,119.64,116.76,116.55,114.6,114.92
Israel,ISR,124.32,123.33,121.51,122.95,120.81,132.0,129.55,126.85,126.53,135.92,140.11
Italy,ITA,156.57,160.0,161.47,160.6,149.06,145.59,142.98,139.78,139.19,133.07,130.39
Jamaica,JAM,116.39,107.25,98.37,102.63,107.93,112.27,116.58,110.07,105.45,107.47,101.87
Jordan,JOR,95.51,105.24,124.58,134.04,128.12,145.33,98.53,94.99,83.48,72.71,63.94
Japan,JPN,96.24,103.71,110.38,115.83,123.83,126.18,131.39,136.42,142.47,148.27,155.74
Kazakhstan,KAZ,116.69,149.66,176.79,175.06,162.55,147.51,141.24,145.75,140.61,137.13,128.0
Kenya,KEN,60.14,65.86,70.28,71.06,73.38,80.5,81.39,87.47,99.1,107.07,118.13
Kyrgyz Republic,KGZ,96.2,113.05,120.7,117.8,130.08,128.14,126.51,138.34,140.36,136.35,132.47
Cambodia,KHM,56.75,94.39,129.21,135.1,134.46,135.24,127.46,117.32,121.17,132.15,128.6
Kiribati,KIR,9.81,12.55,16.13,17.65,26.09,35.13,43.88,38.32,43.63,43.99,43.22
St. Kitts and Nevis,KNA,168.77,161.83,159.24,161.2,136.01,152.77,160.26,160.88,149.9,136.7,131.24
Korea, Rep.,98.67,104.0,106.79,108.04,109.15,113.32,115.57,119.46,123.58,128.41,132.99
Kuwait,KWT,135.19,156.95,150.24,175.78,202.04,196.09,189.21,173.07,164.46,164.98,155.27
Latin America & Caribbean (excluding high income),LAC,95.85,104.92,109.55,115.91,115.41,111.56,110.18,106.98,105.42,102.94,102.67
Lao PDR,LAO,63.31,85.42,66.06,69.88,69.02,54.91,57.44,53.04,51.55,64.29,63.35
Lebanon,LBN,57.32,68.52,72.52,68.41,69.92,72.79,68.34,72.01,74.35,73.3,75.72
Liberia,LBR,39.09,48.33,54.94,57.61,71.36,79.18,66.23,55.46,,38.85,32.49
Libya,LBY,167.9,161.6,163.33,171.01,139.35,157.41,121.93,94.38,,56.6,43.91
St. Lucia,LCA,115.96,125.78,124.77,121.89,107.75,106.9,100.13,99.73,103.97,82.76,81.42
Latin America & Caribbean,LCN,97.29,105.95,110.52,116.17,115.73,111.65,110.02,106.61,104.97,102.52,102.07
Least developed countries: UN classification,LDC,33.17,41.81,48.08,55.19,62.3,66.75,66.75,67.49,75.38,73.83,75.9
Low income,LIC,26.94,33.97,38.82,45.01,50.77,53.56,51.71,51.61,58.2,53.28,55.63
Liechtenstein,LIE,98.81,102.16,98.84,104.4,109.59,109.62,117.79,122.47,123.81,124.08,126.14
Sri Lanka,LKA,83.99,87.82,91.99,96.14,104.16,112.01,120.4,131.12,140.32,130.96,136.91
Lower middle income,LMC,63.6,72.69,74.61,77.21,81.57,83.98,88.76,90.31,92.94,95.44,95.99
Low & middle income,LMY,68.92,77.25,81.81,86.89,90.37,91.7,95.4,98.0,101.72,102.89,102.56
Lesotho,LSO,48.82,60.48,75.18,86.32,102.08,101.02,106.49,109.68,71.98,75.56,69.32
Late-demographic dividend,LTE,83.37,91.06,98.7,105.49,109.21,107.64,110.46,113.6,122.71,125.4,123.57
Lithuania,LTU,155.81,159.3,163.13,150.78,142.49,141.17,143.33,150.16,130.89,130.02,130.2
Luxembourg,LUX,143.37,147.62,143.49,145.17,144.3,141.69,130.97,133.16,131.37,131.91,132.95
Latvia,LVA,109.73,111.17,128.11,125.92,118.55,130.02,134.29,126.05,106.95,108.09,108.13
Macao SAR, China,191.04,201.38,236.99,276.86,290.25,307.27,308.19,314.35,320.54,335.06,420.85
St. Martin (French part),MAF,,,,,,,,,,,
Morocco,MAR,98.88,111.51,117.37,125.83,129.02,124.28,118.18,123.42,124.17,127.95,133.89
Monaco,MCO,70.57,93.65,95.66,100.11,93.26,92.55,89.82,89.02,88.28,91.22,96.11
Moldova,MDA,69.34,89.49,102.2,108.2,111.98,113.3,117.47,117.8,115.76,116.22,110.88
Madagascar,MDG,35.49,38.84,38.22,35.87,40.11,43.03,31.36,33.36,39.69,47.23,56.22
Maldives,MDV,136.72,141.66,144.64,156.01,159.77,169.84,178.78,190.52,175.18,164.13,139.51
Middle East & North Africa,MEA,88.99,95.42,100.33,105.5,105.79,105.91,104.78,103.81,102.13,106.44,107.08
Mexico,MEX,81.21,82.86,87.02,91.01,88.37,89.63,91.94,93.07,96.9,97.56,97.54
Marshall Islands,MHL,,,,,30.74,31.37,,33.91,,35.77,36.85
Middle income,MIC,72.99,81.52,86.12,91.14,94.44,95.67,100.01,102.98,105.21,108.4,107.87
North Macedonia,MKD,102.85,105.54,106.48,106.42,105.66,98.84,97.17,95.08,93.17,90.86,88.21
Mali,MLI,47.91,67.47,88.48,116.15,133.92,125.32,108.12,114.1,110.14,111.47,119.28
Malta,MLT,108.79,123.18,123.8,127.23,122.35,114.8,125.18,126.12,125.28,125.96,122.85
Myanmar,MMR,1.2,2.5,7.43,13.49,56.84,79.62,97.48,91.7,116.1,154.5,147.03
Middle East & North Africa (excluding high income),MNA,78.55,85.21,90.81,96.03,96.37,96.22,96.07,97.65,95.86,101.28,102.06
Montenegro,MNE,185.41,183.47,156.52,156.78,159.75,158.98,164.35,165.18,179.65,182.58,171.7
Mongolia,MNG,92.89,107.23,120.87,101.14,104.29,103.49,111.16,125.52,133.44,136.71,132.47
Northern Mariana Islands,MNP,,,,,,,,,,,
Mozambique,MOZ,31.31,33.06,35.96,49.11,70.98,75.01,54.25,41.57,47.83,48.78,49.6
Mauritania,MRT,81.18,94.06,110.71,106.55,97.66,92.35,89.2,97.94,106.93,107.46,129.13
Mauritius,MUS,92.8,100.61,115.29,118.82,127.85,136.28,140.2,142.07,148.06,144.0,147.39
Malawi,MWI,21.18,26.09,29.82,33.01,34.18,38.77,41.24,43.47,38.53,47.18,51.63
Malaysia,MYS,117.9,125.62,139.33,142.71,146.79,141.96,137.87,132.41,130.91,135.96,131.7
North America,NAC,90.1,93.12,94.66,95.67,98.31,100.42,101.56,101.49,103.33,104.92,102.96
Namibia,NAM,92.89,102.91,99.05,123.74,119.08,111.7,114.49,113.35,114.7,115.41,116.43
New Caledonia,NCL,84.46,85.36,85.14,87.01,86.57,91.96,,,,91.11,90.78
Niger,NER,22.04,27.44,30.05,37.56,42.52,44.51,35.71,40.39,,51.69,58.52
Nigeria,NGA,54.24,57.52,66.31,72.83,77.47,81.97,81.81,74.9,87.07,90.8,98.03
Nicaragua,NIC,67.66,81.17,97.03,111.27,113.84,115.33,121.23,126.22,113.23,86.86,88.25
Netherlands,NLD,115.42,118.73,117.47,115.41,115.38,122.11,121.99,119.32,122.11,125.33,122.83
Norway,NOR,114.51,115.58,115.51,112.03,111.68,110.11,109.41,108.38,107.69,107.99,108.29
Nepal,NPL,33.86,48.98,60.77,78.02,83.83,99.66,115.29,128.08,137.44,134.21,130.2
Nauru,NRU,60.54,65.16,65.11,,,84.04,86.56,85.6,,82.43,81.2
New Zealand,NZL,108.37,110.01,111.6,107.09,112.98,121.99,130.67,134.84,130.6,121.21,123.21
OECD members,OED,101.85,105.33,108.02,109.86,111.13,111.74,113.06,114.14,115.71,116.86,116.85
Oman,OMN,151.45,147.93,150.87,149.21,153.81,155.76,153.29,148.82,139.97,138.23,140.07
Other small states,OSS,85.61,94.76,101.64,108.54,114.95,117.05,118.91,116.95,114.32,112.73,112.67
Pakistan,PAK,51.01,54.83,59.42,62.21,65.19,59.68,63.92,66.79,70.08,74.08,77.3
Panama,PAN,183.42,182.6,165.48,162.36,177.59,145.1,127.7,128.91,137.38,137.64,142.25
Peru,PER,99.61,110.12,98.78,99.18,105.03,111.47,118.63,123.13,130.9,121.39,118.18
Philippines,PHL,87.86,97.77,104.03,103.13,109.87,114.37,114.51,112.4,123.98,151.59,133.33
Palau,PLW,78.27,84.68,95.57,100.79,107.41,133.43,,,,133.96,133.54
Papua New Guinea,PNG,25.17,30.74,33.75,36.38,39.68,41.0,42.5,44.08,46.09,47.52,49.42
Poland,POL,121.65,129.88,140.03,147.57,147.49,141.46,137.55,130.95,125.35,125.72,128.42
Pre-demographic dividend,PRE,44.16,50.85,56.32,62.26,67.21,70.66,68.14,68.61,73.38,75.75,79.95
Puerto Rico,PRI,78.91,84.2,83.37,85.34,90.14,91.64,94.74,100.68,100.33,102.4,106.82
Korea, Dem. People's Rep.,0.28,1.75,4.03,6.83,9.68,11.14,12.83,14.2,14.93,,16.51
Portugal,PRT,115.32,116.75,113.26,114.59,114.29,113.02,111.99,114.13,115.25,115.74,115.08
Paraguay,PRY,102.64,111.72,114.69,117.44,119.94,119.97,119.51,117.51,115.46,118.86,118.83
West Bank and Gaza,PSE,64.2,69.52,73.9,73.62,72.2,77.96,80.1,84.18,89.98,86.33,79.63
Pacific island small states,PSS,52.85,60.61,66.9,69.52,72.28,77.25,83.78,83.63,86.86,81.07,77.08
Post-demographic dividend,PST,105.08,108.61,111.02,112.76,114.29,114.83,116.0,117.11,118.57,120.33,120.08
French Polynesia,PYF,76.07,78.11,79.42,84.5,88.01,91.96,95.42,97.42,101.7,106.1,110.96
Qatar,QAT,127.6,127.61,136.5,162.63,149.28,154.91,140.75,147.08,142.62,139.55,137.61
Romania,ROU,119.79,115.82,113.42,114.17,114.62,116.15,115.67,113.71,115.44,116.12,116.18
Russian Federation,RUS,165.66,141.79,144.5,151.26,152.79,156.77,157.72,156.19,157.43,164.39,163.59
Rwanda,RWA,34.42,42.04,52.5,60.26,68.14,75.24,74.78,72.11,77.41,75.25,80.74
South Asia,SAS,57.63,67.28,66.39,68.73,72.49,74.96,82.43,85.45,86.11,84.54,84.88
Saudi Arabia,SAU,175.32,179.1,171.96,168.68,164.15,161.21,143.44,117.6,117.97,115.27,120.05
Sudan,SDN,53.63,72.8,78.67,76.85,75.12,73.19,70.62,70.41,71.67,76.36,79.2
Senegal,SEN,66.59,72.64,86.69,96.6,102.93,104.2,102.95,103.96,106.32,111.75,116.08
Singapore,SGP,143.01,147.58,149.93,154.03,145.48,145.72,148.12,145.41,147.36,154.0,142.89
Solomon Islands,SLB,21.37,49.64,53.22,55.48,63.06,69.32,66.32,72.3,73.12,70.83,68.58
Sierra Leone,SLE,31.07,32.32,32.55,57.43,66.62,77.34,83.79,86.29,80.84,83.63,83.61
El Salvador,SLV,125.95,135.5,140.38,145.37,148.05,149.8,154.18,151.25,150.3,165.55,158.1
San Marino,SMR,96.77,109.14,108.66,110.5,112.61,109.1,108.09,111.58,112.72,113.38,114.68
Somalia,SOM,5.39,14.73,18.49,40.33,41.32,42.4,46.55,47.89,49.66,51.48,53.48
Serbia,SRB,136.02,141.04,127.2,128.67,131.35,129.38,129.18,123.14,121.07,122.05,120.22
Sub-Saharan Africa (excluding high income),SSA,44.09,52.15,58.57,64.7,69.37,74.54,72.6,71.91,81.16,78.61,82.12
South Sudan,SSD,15.44,17.57,21.49,25.69,25.65,25.9,24.4,26.17,18.43,21.27,12.67
Sub-Saharan Africa,SSF,44.09,52.16,58.58,64.71,69.38,74.55,72.61,71.92,81.17,78.62,82.12
Small states,SST,88.99,95.18,99.78,106.11,111.6,113.81,116.4,114.13,112.2,111.06,110.36
Sao Tome and Principe,STP,56.4,61.83,64.33,64.68,65.06,91.97,87.01,83.62,76.94,77.24,79.68
Suriname,SUR,95.44,96.63,101.96,154.02,162.86,130.41,138.77,135.45,126.71,135.57,148.15
Slovak Republic,SVK,109.8,110.74,112.67,114.66,117.69,123.06,128.7,130.86,132.95,135.67,133.59
Slovenia,SVN,103.14,104.99,108.3,110.19,112.12,113.12,114.15,116.43,117.09,118.89,120.46
Sweden,SWE,117.17,120.99,123.99,124.52,126.31,128.32,126.02,124.47,124.25,125.59,123.37
Eswatini,SWZ,65.99,69.35,72.43,79.85,81.43,82.99,87.09,89.24,89.85,91.85,105.82
Sint Maarten (Dutch part),SXM,,,195.91,,,,,,,,
Seychelles,SYC,127.25,134.92,143.2,141.44,154.42,149.38,151.09,164.31,173.56,185.56,173.88
Syrian Arab Republic,SYR,52.36,56.83,57.42,57.18,69.95,74.52,70.39,81.05,88.6,88.24,80.2
Turks and Caicos Islands,TCA,,,,,,,,,,,
Chad,TCD,24.17,29.76,34.51,34.51,38.34,38.65,38.28,42.22,44.76,47.53,52.19
East Asia & Pacific (IDA & IBRD countries),TEA,71.07,81.13,89.98,97.0,102.09,102.61,109.04,115.52,120.39,128.21,125.42
Europe & Central Asia (IDA & IBRD countries),TEC,122.28,120.03,122.92,127.11,128.03,128.04,127.15,126.65,125.15,129.82,128.99
Togo,TGO,39.6,39.94,47.82,59.99,61.96,64.97,71.86,77.3,76.36,75.69,77.19
Thailand,THA,105.06,112.71,122.93,134.88,138.79,146.44,169.49,171.41,175.88,181.77,162.7
Tajikistan,TJK,77.95,81.24,82.05,92.63,96.07,99.59,107.73,110.96,109.55,117.76,121.38
Turkmenistan,TKM,60.7,98.87,108.08,110.17,127.25,135.99,146.12,157.11,96.32,97.46,98.63
Latin America & the Caribbean (IDA & IBRD countries),TLA,99.1,107.92,112.53,118.25,117.67,113.31,111.5,107.85,106.04,103.39,102.8
Timor-Leste,TLS,43.46,55.18,54.58,55.96,116.11,114.17,121.85,125.21,116.38,111.31,105.99
Middle East & North Africa (IDA & IBRD countries),TMN,78.72,85.39,91.02,96.3,96.67,96.44,96.26,97.82,95.93,101.46,102.34
Tonga,TON,50.57,51.11,52.09,53.69,63.77,69.25,75.68,102.39,102.65,59.17,58.91
South Asia (IDA & IBRD),TSA,57.63,67.28,66.39,68.73,72.49,74.96,82.43,85.45,86.11,84.54,84.88
Sub-Saharan Africa (IDA & IBRD countries),TSS,44.09,52.16,58.58,64.71,69.38,74.55,72.61,71.92,81.17,78.62,82.12
Trinidad and Tobago,TTO,134.32,128.6,131.69,134.92,136.53,145.42,147.4,137.33,131.09,142.35,130.95
Tunisia,TUN,102.01,112.28,114.94,112.5,124.98,126.29,122.22,121.36,123.77,122.59,122.13
Turkiye,TUR,84.39,88.07,89.91,90.97,92.03,92.46,92.65,94.77,96.75,96.78,97.61
Tuvalu,TUV,15.17,19.91,25.8,31.14,34.87,60.68,70.03,73.88,78.23,82.15,81.31
Tanzania,TZA,46.52,55.3,56.96,55.72,62.7,75.49,73.61,71.01,74.88,79.64,83.01
Uganda,UGA,39.66,50.15,47.72,51.22,56.05,53.95,58.94,62.17,58.95,59.13,62.36
Ukraine,UKR,117.77,121.94,130.86,138.44,144.28,142.0,133.17,131.36,127.75,130.63,129.34
Upper middle income,UMC,82.75,90.77,98.26,105.93,108.2,108.27,112.23,116.84,118.75,122.79,121.17
Uruguay,URY,132.35,141.52,148.18,155.8,162.08,151.8,149.89,148.96,130.12,132.02,132.73
United States,USA,91.62,94.75,96.27,97.28,100.17,102.31,103.37,103.13,104.85,106.41,104.94
Uzbekistan,UZB,73.22,87.56,68.72,71.75,71.07,70.38,73.97,75.96,71.58,101.22,99.58
St. Vincent and the Grenadines,VCT,120.57,121.26,117.49,116.68,107.58,106.47,106.31,109.75,106.8,91.85,95.92
Venezuela, RB,99.28,97.09,98.92,103.73,103.55,101.11,95.3,89.78,80.14,69.51,63.77
British Virgin Islands,VGB,172.46,166.64,171.36,186.36,189.03,194.77,133.46,146.52,131.71,129.15,113.76
Virgin Islands (U.S.),VIR,,,,,,,,,,79.34,79.65
Vietnam,VNM,127.64,144.11,147.45,137.08,149.23,130.52,129.5,127.63,148.17,142.24,143.75
Vanuatu,VUT,69.23,54.5,56.77,48.28,57.81,63.24,77.19,78.56,84.57,87.13,79.0
World,WLD,75.85,83.34,87.49,91.95,95.03,96.13,99.29,101.38,104.7,105.79,105.46
Samoa,WSM,46.23,,50.63,49.96,52.8,59.2,73.47,59.82,47.69,39.64,32.1
Kosovo,XKX,32.3,,,,,,,,,,
Yemen, Rep.,34.59,44.8,45.8,53.01,62.42,61.61,52.68,56.14,51.13,49.68,48.3
South Africa,ZAF,97.27,122.04,128.69,142.68,144.86,157.49,146.06,156.24,161.19,166.94,163.19
Zambia,ZMB,39.49,57.23,71.38,68.24,64.27,71.13,71.67,77.69,86.74,93.69,100.93
Zimbabwe,ZWE,59.97,70.63,95.09,100.57,85.15,90.13,89.11,95.53,85.76,85.94,84.19
Aruba,ABW,,,,,,,,,,,
Africa Eastern and Southern,AFE,,,,,,,,,,,
Afghanistan,AFG,9.48,9.29,9.05,9.38,9.51,9.51,8.46,6.9,6.41,8.46,8.46
Africa Western and Central,AFW,,,,,,,,,,,
Angola,AGO,3.27,3.27,3.27,3.27,3.27,2.99,3.37,3.37,3.37,3.37,3.37
Albania,ALB,6.56,10.55,17.1,5.64,6.63,5.8,4.47,4.88,4.61,4.24,4.24
Andorra,AND,,,,,,,,,,,
Arab World,ARB,,,,,,,,,,,
United Arab Emirates,ARE,37.63,37.63,37.78,37.87,37.83,35.93,35.92,36.63,37.49,39.19,39.21
Argentina,ARG,26.18,26.33,26.27,26.42,25.48,25.29,26.92,27.29,25.04,23.9,25.26
Armenia,ARM,4.51,4.51,4.51,4.51,4.51,4.09,4.33,4.63,7.05,8.21,8.21
American Samoa,ASM,,,,,,,,,,,
Antigua and Barbuda,ATG,,,,,,,,,,,
Australia,AUS,27.82,26.99,27.95,27.81,27.26,26.12,26.7,26.55,25.98,26.31,29.83
Austria,AUT,43.78,45.0,44.64,44.98,45.4,45.12,45.43,45.43,45.26,45.07,45.14
Azerbaijan,AZE,7.96,9.92,8.47,10.25,9.86,10.66,10.13,10.82,10.29,11.28,15.23
Burundi,BDI,3.08,2.05,2.21,2.79,2.79,2.79,2.79,2.79,2.79,2.79,2.79
Belgium,BEL,34.39,36.93,47.38,50.04,49.16,48.98,49.27,49.23,50.59,51.29,51.56
Benin,BEN,,,,,,,,,,,
Burkina Faso,BFA,,,,,,,,,,,
Bangladesh,BGD,9.14,9.14,9.17,9.47,9.47,9.47,7.81,7.81,5.26,7.81,7.81
Bulgaria,BGR,24.7,25.44,29.27,31.72,28.09,28.17,25.68,26.85,30.62,30.54,32.63
Bahrain,BHR,18.02,19.92,18.81,19.09,20.14,18.94,21.21,24.63,24.63,24.63,24.63
Bahamas, The,27.77,27.77,27.77,27.77,27.77,27.77,27.77,27.77,27.77,27.77,27.77
Bosnia and Herzegovina,BIH,14.99,16.33,18.03,17.2,17.35,18.35,17.18,17.93,19.07,17.63,17.86
Belarus,BLR,39.98,47.13,43.26,36.45,37.99,41.05,38.83,40.01,42.21,41.2,41.2
Belize,BLZ,18.46,18.46,18.46,18.46,18.46,18.46,18.46,18.46,18.46,18.46,18.46
Bermuda,BMU,17.05,17.05,17.05,6.03,7.59,6.02,7.25,6.23,8.79,8.81,8.81
Bolivia,BOL,11.59,11.68,9.62,9.71,9.71,11.93,11.93,11.94,11.94,11.94,11.94
Brazil,BRA,36.15,36.34,35.34,36.39,34.15,35.46,32.78,34.93,34.48,34.43,34.43
Barbados,BRB,38.11,38.11,38.11,38.11,38.11,38.11,38.11,38.11,38.11,38.11,38.11
Brunei Darussalam,BRN,3.32,3.32,3.32,3.32,3.32,3.32,3.32,3.32,3.32,3.32,3.32
Bhutan,BTN,,,,,,,,,,,
Botswana,BWA,9.69,5.89,5.9,5.9,5.85,5.81,5.76,5.79,5.75,5.76,8.22
Central African Republic,CAF,9.25,9.25,9.25,9.25,9.25,9.25,9.25,9.25,9.25,9.25,9.25
Canada,CAN,35.73,36.65,37.24,36.36,37.04,38.44,37.15,36.35,36.36,36.93,37.45
Central Europe and the Baltics,CEB,,,,,,,,,,,
Switzerland,CHE,61.32,60.82,62.71,62.57,63.0,63.56,63.32,65.05,66.22,65.55,65.55
Channel Islands,CHI,,,,,,,,,,,
Chile,CHL,20.32,15.0,11.44,15.96,17.1,14.06,7.96,20.12,19.63,19.63,20.37
China,CHN,41.38,41.45,41.45,41.45,41.45,41.45,41.45,41.45,41.45,41.45,41.45
Cote d'Ivoire,CIV,14.99,14.99,14.99,14.99,14.99,14.99,14.99,14.99,14.99,14.99,14.99
Cameroon,CMR,7.61,7.61,7.61,7.61,7.61,7.61,7.61,7.61,7.61,7.61,7.61
Congo, Dem. Rep.,,,,,,,,,,,
Congo, Rep.,2.42,2.42,2.42,2.42,2.42,2.42,2.42,2.42,2.42,2.42,2.42
Colombia,COL,24.95,20.95,21.35,20.76,20.72,22.54,23.33,23.27,22.61,23.93,23.93
Comoros,COM,,,,,,,,,,,
Cabo Verde,CPV,27.1,27.1,27.1,27.1,27.1,27.1,27.1,27.1,27.1,27.1,27.1
Costa Rica,CRI,19.28,21.08,21.87,22.17,19.92,16.59,15.22,14.62,14.42,14.36,14.16
Caribbean small states,CSS,,,,,,,,,,,
Cuba,CUB,16.22,16.22,16.22,16.22,16.22,16.22,16.22,16.22,16.22,16.22,16.22
Curacao,CUW,,,,,,,,,,,
Cayman Islands,CYM,,,,,,,,,,,
Cyprus,CYP,13.95,14.68,15.51,18.89,19.9,21.51,18.78,19.9,20.1,20.52,28.1
Czechia,CZE,44.99,45.72,46.72,47.34,48.27,51.83,51.22,52.24,51.53,51.77,52.42
Germany,DEU,59.08,59.18,59.18,59.29,60.59,60.7,60.91,60.87,59.86,60.38,61.25
Djibouti,DJI,,,,,,,,,,,
Dominica,DMA,,,,,,,,,,,
Denmark,DNK,48.82,50.92,51.98,52.73,53.31,52.65,53.83,54.39,56.98,55.33,58.47
Dominican Republic,DOM,,,,,,,,,,,
Algeria,DZA,9.66,1.27,1.39,1.56,1.66,2.69,2.69,2.69,2.69,2.69,2.69
East Asia & Pacific (excluding high income),EAP,,,,,,,,,,,
Early-demographic dividend,EAR,,,,,,,,,,,
East Asia & Pacific,EAS,,,,,,,,,,,
Europe & Central Asia (excluding high income),ECA,,,,,,,,,,,
Europe & Central Asia,ECS,,,,,,,,,,,
Ecuador,ECU,10.33,13.74,8.32,10.12,10.28,11.92,13.36,15.11,17.04,16.72,14.84
Egypt, Arab Rep.,24.26,23.42,21.06,20.53,17.79,13.85,18.21,19.84,21.61,22.73,22.73
Euro area,EMU,,,,,,,,,,,
Eritrea,ERI,6.06,7.16,8.95,7.47,7.58,5.31,4.3,4.63,9.72,9.72,9.72
Spain,ESP,34.73,34.88,35.95,37.39,38.68,38.52,38.77,38.7,37.8,37.79,39.58
Estonia,EST,26.75,27.76,26.94,28.14,28.39,25.72,26.64,27.43,25.78,29.43,30.21
Ethiopia,ETH,10.92,10.41,11.42,16.7,16.07,16.07,16.07,16.07,16.07,16.07,16.07
European Union,EUU,,,,,,,,,,,
Fragile and conflict affected situations,FCS,,,,,,,,,,,
Finland,FIN,44.59,36.98,33.85,36.5,42.66,42.16,44.11,44.53,43.8,39.95,43.81
Fiji,FJI,7.87,7.69,7.79,7.19,7.13,7.06,7.11,7.71,7.76,7.76,7.76
France,FRA,45.45,45.41,46.14,46.58,47.04,47.98,49.89,48.38,50.2,50.94,52.38
Faroe Islands,FRO,,,,,,,,,,,
Micronesia, Fed. Sts.,,,,,,,,,,,
Gabon,GAB,5.39,5.39,5.39,5.39,5.39,5.39,5.39,5.39,5.39,5.39,5.39
United Kingdom,GBR,45.19,45.0,43.47,44.74,44.56,42.54,42.19,42.93,43.42,48.17,48.17
Georgia,GEO,16.99,21.6,17.85,18.61,14.7,14.73,12.14,13.42,12.78,12.43,12.45
Ghana,GHA,4.35,4.35,4.35,10.84,10.84,10.84,10.84,10.84,10.84,10.84,10.84
Gibraltar,GIB,,,,,,,,,,,
Guinea,GIN,,,,,,,,,,,
Gambia, The,3.9,3.9,3.9,3.9,3.9,3.9,3.9,3.9,3.9,3.9,3.9
Guinea-Bissau,GNB,,,,,,,,,,,
Equatorial Guinea,GNQ,,,,,,,,,,,
Greece,GRC,14.71,18.31,18.76,22.18,20.73,18.85,18.31,18.1,18.07,19.98,21.74
Grenada,GRD,,,,,,,,,,,
Greenland,GRL,,,,,,,,,,,
Guatemala,GTM,22.4,22.4,22.4,22.4,22.4,22.4,22.4,22.4,22.4,22.4,22.4
Guam,GUM,,,,,,,,,,,
Guyana,GUY,,,,,,,,,,,
High income,HIC,,,,,,,,,,,
Hong Kong SAR, China,32.58,38.07,36.11,34.13,33.93,36.06,36.61,37.38,38.47,38.07,37.32
Honduras,HND,7.16,7.16,7.16,7.16,7.16,7.16,7.16,7.16,7.16,7.16,7.16
Heavily indebted poor countries (HIPC),HPC,,,,,,,,,,,
Croatia,HRV,28.96,27.61,26.03,25.98,26.87,27.56,25.74,24.61,24.53,26.77,30.53
Haiti,HTI,5.26,5.26,5.26,5.26,5.26,5.26,5.26,5.26,5.26,5.26,5.26
Hungary,HUN,54.63,56.39,55.65,56.52,58.5,59.45,56.3,56.97,51.54,51.7,53.3
IBRD only,IBD,,,,,,,,,,,
IDA & IBRD total,IBT,,,,,,,,,,,
IDA total,IDA,,,,,,,,,,,
IDA blend,IDB,,,,,,,,,,,
Indonesia,IDN,39.68,38.8,37.41,35.82,34.89,35.34,30.97,37.4,35.0,35.0,35.0
IDA only,IDX,,,,,,,,,,,
Isle of Man,IMN,,,,,,,,,,,
India,IND,38.13,40.51,39.58,37.61,38.67,42.86,41.39,41.2,44.45,44.58,44.58
Not classified,INX,,,,,,,,,,,
Ireland,IRL,61.69,60.13,61.06,55.93,55.21,54.35,54.31,54.51,54.51,54.79,54.8
Iran, Islamic Rep.,46.62,45.03,43.66,40.18,39.42,44.86,45.77,44.48,44.71,44.71,44.71
Iraq,IRQ,6.81,7.1,3.95,8.82,7.79,3.44,5.45,10.29,7.03,9.17,9.16
Iceland,ISL,16.57,14.51,14.51,14.51,14.51,11.27,11.52,2.29,12.62,14.92,14.92
Israel,ISR,61.97,37.44,42.7,40.52,42.12,39.23,39.0,39.76,40.66,41.0,41.0
Italy,ITA,41.11,40.69,41.64,42.22,41.93,42.09,41.98,42.69,42.01,41.63,42.89
Jamaica,JAM,18.77,18.77,18.77,18.77,18.77,18.77,18.77,18.77,18.77,18.77,18.77
Jordan,JOR,23.96,24.92,24.44,26.38,25.74,24.29,21.83,23.3,23.15,24.2,24.2
Japan,JPN,53.7,54.48,55.01,55.34,56.21,56.77,56.57,56.91,56.91,56.91,56.91
Kazakhstan,KAZ,12.75,12.92,14.01,16.48,16.59,14.18,12.5,13.8,14.13,15.9,16.91
Kenya,KEN,10.79,10.79,13.05,12.47,13.37,14.88,14.55,12.56,12.14,12.89,13.11
Kyrgyz Republic,KGZ,3.45,3.71,6.74,6.61,4.13,2.96,2.71,2.78,2.37,2.21,2.22
Cambodia,KHM,0.26,0.26,0.26,0.26,0.26,0.26,0.26,0.26,0.26,0.26,0.26
Kiribati,KIR,,,,,,,,,,,
St. Kitts and Nevis,KNA,,,,,,,,,,,
Korea, Rep.,55.31,61.23,58.39,59.38,60.06,59.78,60.35,59.84,61.47,63.83,63.83
Kuwait,KWT,15.33,21.23,28.57,28.45,25.88,27.69,30.88,35.96,36.25,28.46,31.92
Latin America & Caribbean (excluding high income),LAC,,,,,,,,,,,
Lao PDR,LAO,3.77,3.77,3.77,3.77,3.77,3.77,3.77,3.77,3.77,3.77,3.77
Lebanon,LBN,19.95,19.95,19.95,19.95,19.95,19.95,19.95,19.95,19.95,19.95,19.95
Liberia,LBR,,,,,,,,,,,
Libya,LBY,16.06,16.06,16.06,16.06,16.06,16.06,16.06,16.06,16.06,16.06,16.06
St. Lucia,LCA,7.83,7.83,7.83,7.83,7.83,7.83,7.83,7.83,7.83,7.83,7.83
Latin America & Caribbean,LCN,,,,,,,,,,,
Least developed countries: UN classification,LDC,,,,,,,,,,,
Low income,LIC,,,,,,,,,,,
Liechtenstein,LIE,,,,,,,,,,,
Sri Lanka,LKA,9.76,5.74,5.53,8.76,7.4,8.87,8.36,7.27,7.89,8.28,8.28
Lower middle income,LMC,,,,,,,,,,,
Low & middle income,LMY,,,,,,,,,,,
Lesotho,LSO,,,,,,,,,,,
Late-demographic dividend,LTE,,,,,,,,,,,
Lithuania,LTU,22.81,23.29,19.46,17.84,20.84,23.62,20.55,22.26,23.01,24.68,29.26
Luxembourg,LUX,7.58,7.13,22.41,23.95,22.46,23.67,20.41,21.77,21.13,21.97,21.32
Latvia,LVA,16.61,16.9,16.59,16.74,17.73,18.87,18.53,19.01,20.22,20.27,21.45
Macao SAR, China,2.09,2.09,2.09,2.09,2.09,2.09,2.09,2.09,2.09,2.09,2.09
St. Martin (French part),MAF,,,,,,,,,,,
Morocco,MAR,28.07,28.05,6.74,7.04,7.87,30.4,32.66,10.57,25.39,40.87,41.23
Monaco,MCO,,,,,,,,,,,
Moldova,MDA,8.91,8.96,12.28,14.46,18.76,16.33,19.46,17.73,17.6,22.95,22.99
Madagascar,MDG,3.28,3.28,3.28,3.28,3.28,3.28,3.28,3.28,3.28,3.28,3.28
Maldives,MDV,2.63,2.63,2.63,2.63,2.63,2.63,2.63,2.63,2.63,2.63,2.63
Middle East & North Africa,MEA,,,,,,,,,,,
Mexico,MEX,36.89,38.65,40.15,39.5,40.39,39.69,43.24,44.44,44.87,45.6,45.6
Marshall Islands,MHL,,,,,,,,,,,
Middle income,MIC,,,,,,,,,,,
North Macedonia,MKD,19.5,15.48,23.52,15.35,23.03,29.61,31.64,31.98,33.73,33.73,33.73
Mali,MLI,,,,,,,,,,,
Malta,MLT,19.16,8.53,5.37,5.7,17.57,37.99,36.99,42.7,27.84,20.02,31.48
Myanmar,MMR,27.6,15.61,11.66,7.18,24.23,23.62,10.27,21.78,24.94,23.66,23.66
Middle East & North Africa (excluding high income),MNA,,,,,,,,,,,
Montenegro,MNE,16.26,13.99,18.85,15.88,16.06,14.86,14.86,14.86,14.86,14.86,14.86
Mongolia,MNG,2.05,6.15,4.87,4.97,6.57,3.03,3.31,4.28,4.28,3.91,3.92
Northern Mariana Islands,MNP,,,,,,,,,,,
Mozambique,MOZ,10.89,10.89,10.89,10.89,10.89,10.89,10.89,10.89,10.89,10.89,10.89
Mauritania,MRT,,,,,,,,,,,
Mauritius,MUS,2.67,4.81,4.26,4.64,4.97,4.99,5.24,4.65,4.93,5.3,5.3
Malawi,MWI,11.34,11.34,11.34,11.34,11.34,11.34,11.34,11.34,11.34,11.34,11.34
Malaysia,MYS,40.7,41.66,41.17,42.11,41.63,43.1,44.12,44.01,43.57,43.32,43.32
North America,NAC,,,,,,,,,,,
Namibia,NAM,7.45,7.45,7.88,7.29,7.35,7.35,7.35,7.35,7.35,7.35,7.35
New Caledonia,NCL,,,,,,,,,,,
Niger,NER,18.25,18.25,18.25,18.25,18.25,18.25,15.3,15.3,15.29,17.71,17.71
Nigeria,NGA,33.44,33.44,33.44,33.44,33.44,33.44,33.44,33.44,33.44,33.44,33.44
Nicaragua,NIC,11.1,11.7,13.16,12.83,12.59,13.16,14.55,14.09,13.24,13.09,11.76
Netherlands,NLD,45.62,47.05,47.44,45.8,46.79,47.28,47.44,48.57,50.51,50.21,51.19
Norway,NOR,32.54,32.45,32.14,35.22,31.8,32.26,29.78,28.94,30.12,35.03,45.16
Nepal,NPL,8.23,8.38,8.6,8.6,8.6,8.6,8.6,8.6,8.55,8.6,8.6
Nauru,NRU,,,,,,,,,,,
New Zealand,NZL,17.61,18.06,17.25,17.7,18.38,18.0,19.72,22.14,21.4,21.72,21.72
OECD members,OED,,,,,,,,,,,
Oman,OMN,19.38,42.68,48.21,28.06,17.06,20.52,21.44,20.16,44.74,45.02,45.02
Other small states,OSS,,,,,,,,,,,
Pakistan,PAK,23.99,23.99,22.77,22.77,22.77,22.77,22.9,22.9,22.9,22.9,22.9
Panama,PAN,6.52,6.52,6.67,6.24,8.03,8.01,8.0,8.32,8.32,6.21,6.21
Peru,PER,12.87,12.12,13.46,13.67,14.57,14.68,15.32,14.45,14.28,13.97,14.58
Philippines,PHL,37.06,41.52,53.04,41.16,43.03,41.68,40.78,46.36,37.55,47.25,47.25
Palau,PLW,,,,,,,,,,,
Papua New Guinea,PNG,12.61,12.61,12.61,12.61,12.61,12.61,12.61,12.61,12.61,12.61,12.61
Poland,POL,35.88,35.84,34.31,35.21,33.94,33.98,32.99,32.74,32.23,32.28,33.25
Pre-demographic dividend,PRE,,,,,,,,,,,
Puerto Rico,PRI,,,,,,,,,,,
Korea, Dem. People's Rep.,,,,,,,,,,,
Portugal,PRT,23.96,24.65,24.72,24.51,24.62,24.41,23.9,24.42,24.47,25.96,27.13
Paraguay,PRY,21.71,21.83,21.83,21.83,21.83,21.83,21.83,21.83,21.83,21.83,21.83
West Bank and Gaza,PSE,5.32,11.22,5.52,1.6,3.09,2.19,2.52,6.99,7.58,7.21,7.21
Pacific island small states,PSS,,,,,,,,,,,
Post-demographic dividend,PST,,,,,,,,,,,
French Polynesia,PYF,,,,,,,,,,,
Qatar,QAT,22.7,36.72,62.89,62.19,66.65,56.09,54.17,47.86,65.01,63.47,63.47
Romania,ROU,35.24,36.02,36.79,37.7,36.96,41.39,40.77,42.9,42.77,40.95,44.36
Russian Federation,RUS,25.04,24.71,26.54,24.63,25.57,28.56,28.25,26.89,24.83,25.79,25.79
Rwanda,RWA,9.94,9.94,9.94,9.94,9.94,4.9,5.29,5.74,6.37,7.48,6.88
South Asia,SAS,,,,,,,,,,,
Saudi Arabia,SAU,31.72,33.31,33.51,34.33,34.54,37.89,37.57,35.38,36.7,36.7,36.7
Sudan,SDN,,,,,,,,,,,
Senegal,SEN,18.36,21.11,20.39,19.14,14.66,12.82,25.64,23.42,26.78,26.84,26.81
Singapore,SGP,75.99,77.27,76.28,75.93,75.88,74.85,75.42,78.57,83.73,80.58,82.06
Solomon Islands,SLB,,,,,,,,,,,
Sierra Leone,SLE,,,,,,,,,,,
El Salvador,SLV,19.13,19.13,19.13,19.13,19.13,19.13,19.13,19.13,19.13,19.13,19.13
San Marino,SMR,,,,,,,,,,,
Somalia,SOM,,,,,,,,,,,
Serbia,SRB,18.64,19.63,20.06,24.88,25.92,25.74,25.42,25.77,24.65,25.07,25.07
Sub-Saharan Africa (excluding high income),SSA,,,,,,,,,,,
South Sudan,SSD,,,,,,,,,,,
Sub-Saharan Africa,SSF,,,,,,,,,,,
Small states,SST,,,,,,,,,,,
Sao Tome and Principe,STP,,,,,,,,,,,
Suriname,SUR,12.89,12.89,12.89,12.89,12.89,12.89,12.89,12.89,12.89,12.89,12.89
Slovak Republic,SVK,45.75,44.52,47.82,49.43,47.48,49.39,47.77,47.93,49.51,51.17,52.78
Slovenia,SVN,46.76,47.78,49.66,48.03,47.33,37.41,37.09,37.98,37.13,36.83,36.92
Sweden,SWE,42.96,45.9,52.53,53.15,44.65,51.61,50.94,51.11,51.62,51.89,52.81
Eswatini,SWZ,1.63,2.23,2.23,2.23,2.23,2.23,2.23,2.23,2.23,2.23,2.23
Sint Maarten (Dutch part),SXM,,,,,,,,,,,
Seychelles,SYC,,,,,,,,,,,
Syrian Arab Republic,SYR,21.52,21.52,21.52,21.52,21.52,21.52,21.52,21.52,21.52,21.52,21.52
Turks and Caicos Islands,TCA,,,,,,,,,,,
Chad,TCD,,,,,,,,,,,
East Asia & Pacific (IDA & IBRD countries),TEA,,,,,,,,,,,
Europe & Central Asia (IDA & IBRD countries),TEC,,,,,,,,,,,
Togo,TGO,,,,,,,,,,,
Thailand,THA,43.84,40.24,40.71,40.71,41.36,41.36,40.13,41.36,41.36,41.36,41.36
Tajikistan,TJK,3.65,3.65,2.95,2.49,1.86,2.19,2.83,2.8,2.58,2.82,2.82
Turkmenistan,TKM,,,,,,,,,,,
Latin America & the Caribbean (IDA & IBRD countries),TLA,,,,,,,,,,,
Timor-Leste,TLS,,,,,,,,,,,
Middle East & North Africa (IDA & IBRD countries),TMN,,,,,,,,,,,
Tonga,TON,1.61,1.61,1.61,1.61,1.61,1.61,1.61,1.61,1.61,1.61,1.61
South Asia (IDA & IBRD),TSA,,,,,,,,,,,
Sub-Saharan Africa (IDA & IBRD countries),TSS,,,,,,,,,,,
Trinidad and Tobago,TTO,39.38,39.38,39.38,39.38,39.38,39.38,39.38,39.38,39.38,39.38,39.38
Tunisia,TUN,7.47,24.25,26.15,25.92,25.86,25.05,27.57,27.57,27.57,27.57,27.57
Turkiye,TUR,30.23,29.95,29.89,29.93,29.24,29.78,29.94,30.82,33.66,35.83,36.74
Tuvalu,TUV,,,,,,,,,,,
Tanzania,TZA,11.96,12.08,11.43,6.83,6.75,7.28,6.72,6.7,6.7,6.7,6.96
Uganda,UGA,11.07,11.07,11.07,11.07,11.07,11.07,11.07,11.07,11.07,11.07,11.07
Ukraine,UKR,32.74,32.79,32.92,39.39,29.58,30.03,28.44,26.01,27.37,31.8,32.68
Upper middle income,UMC,,,,,,,,,,,
Uruguay,URY,13.8,13.9,15.29,18.74,17.95,18.48,18.48,18.48,18.48,18.48,18.48
United States,USA,46.48,46.0,46.05,45.78,47.04,46.6,46.25,46.57,46.32,46.02,46.11
Uzbekistan,UZB,19.73,19.73,19.73,19.73,19.34,17.57,16.16,19.64,23.08,20.45,20.6
St. Vincent and the Grenadines,VCT,,,,,,,,,,,
Venezuela, RB,34.28,34.28,34.28,34.28,34.28,34.28,34.28,34.28,34.28,34.28,34.28
British Virgin Islands,VGB,,,,,,,,,,,
Virgin Islands (U.S.),VIR,,,,,,,,,,,
Vietnam,VNM,23.35,19.08,23.22,29.77,38.51,36.85,37.35,40.08,38.51,37.84,38.25
Vanuatu,VUT,,,,,,,,,,,
World,WLD,,,,,,,,,,,
Samoa,WSM,,,,,,,,,,,
Kosovo,XKX,,,,,,,,,,,
Yemen, Rep.,1.47,1.92,1.98,1.97,1.93,2.06,2.06,2.06,2.06,2.06,2.06
South Africa,ZAF,23.0,24.43,24.43,24.43,24.43,24.43,24.43,24.43,24.43,24.43,24.43
Zambia,ZMB,6.08,15.03,14.77,9.92,9.67,10.08,9.73,9.73,9.73,9.73,9.73
Zimbabwe,ZWE,24.65,21.1,19.68,21.79,23.19,20.94,25.75,21.29,9.49,9.59,9.59
Aruba,ABW,131.35,,132.21,134.91,134.85,135.24,,,,132.47,132.29
Africa Eastern and Southern,AFE,38.53,48.02,52.77,57.69,61.94,67.29,64.28,64.22,72.32,68.74,71.06
Afghanistan,AFG,36.24,47.17,50.35,53.29,56.26,58.39,62.37,67.14,59.9,59.78,58.19
Africa Western and Central,AFW,52.27,58.25,67.11,75.01,80.3,85.2,84.84,83.23,92.58,93.13,98.38
Angola,AGO,40.25,49.77,50.76,50.81,51.8,49.36,44.59,44.11,42.49,45.84,43.81
Albania,ALB,92.41,106.87,121.02,127.67,116.49,117.99,116.96,125.92,94.36,91.52,91.35
Andorra,AND,91.58,92.17,89.94,89.58,92.49,99.43,104.95,108.8,110.13,115.15,103.45
Arab World,ARB,85.61,94.48,100.3,104.74,104.24,103.0,100.42,98.2,96.4,94.99,94.29
United Arab Emirates,ARE,128.82,136.76,158.98,183.54,190.35,201.22,221.31,218.63,219.7,212.8,197.84
Argentina,ARG,138.89,146.25,153.33,158.92,142.99,142.96,145.92,140.5,131.94,125.94,121.6
Armenia,ARM,131.19,109.64,114.01,115.33,119.7,120.35,119.85,122.32,126.18,128.3,124.35
American Samoa,ASM,,,,,,,,,,,
Antigua and Barbuda,ATG,196.01,202.94,145.29,129.22,134.52,195.69,198.75,201.93,,199.75,198.57
Australia,AUS,102.18,106.4,107.08,107.91,106.78,108.19,109.73,108.42,110.65,110.3,105.23
Austria,AUT,146.37,155.19,161.19,156.52,151.56,155.87,126.82,123.43,124.25,120.79,120.32
Azerbaijan,AZE,98.52,108.13,106.74,105.36,108.32,108.45,102.13,100.55,101.84,105.06,100.58
Burundi,BDI,18.39,20.25,22.94,24.99,30.43,46.59,49.14,53.07,54.97,55.01,54.26
Belgium,BEL,111.73,114.06,111.62,110.92,113.94,113.56,110.9,99.76,99.99,99.99,99.72
Benin,BEN,74.9,79.84,83.96,93.39,81.59,85.23,78.97,75.65,79.24,84.21,88.12
Burkina Faso,BFA,35.42,46.27,58.29,63.74,68.76,77.18,79.92,90.47,94.83,97.2,102.76
Bangladesh,BGD,45.77,56.17,63.9,75.67,81.34,83.24,85.1,93.29,98.83,100.03,105.29
Bulgaria,BGR,134.35,138.87,143.97,141.12,128.69,125.79,123.85,118.8,117.84,115.34,113.85
Bahrain,BHR,129.12,139.73,173.39,175.18,177.63,184.93,212.45,162.3,140.7,128.41,119.86
Bahamas, The,97.49,114.76,79.06,78.52,74.42,80.91,79.24,90.97,88.6,96.72,105.18
Bosnia and Herzegovina,BIH,81.61,84.72,91.38,96.43,97.76,97.71,97.79,100.0,101.79,111.75,105.76
Belarus,BLR,106.18,110.18,110.14,114.69,117.62,118.02,117.84,117.59,119.84,120.19,121.49
Belize,BLZ,60.29,67.49,51.16,50.66,48.9,58.89,60.69,63.9,64.47,65.52,66.85
Bermuda,BMU,139.01,,143.17,148.49,93.9,60.18,101.3,102.72,,105.0,106.2
Bolivia,BOL,70.23,80.35,89.82,97.04,95.73,91.64,89.73,95.87,98.61,99.25,98.9
Brazil,BRA,100.29,118.25,124.18,134.39,137.98,125.65,117.99,106.12,99.64,95.39,96.55
Barbados,BRB,127.43,126.29,126.47,111.14,110.08,120.39,119.22,118.04,117.75,117.54,105.1
Brunei Darussalam,BRN,109.86,110.37,115.52,113.87,108.5,109.95,122.88,126.6,130.32,131.22,121.48
Bhutan,BTN,55.89,67.88,77.78,74.68,84.81,90.91,93.15,96.63,92.32,95.02,96.46
Botswana,BWA,112.99,135.91,141.66,146.43,150.88,150.76,139.81,134.92,137.93,149.89,150.39
Central African Republic,CAF,21.01,20.97,23.95,28.33,24.08,25.78,25.45,23.52,25.11,30.62,34.27
Canada,CAN,76.04,78.2,79.9,80.88,81.31,83.3,85.15,86.7,89.67,91.59,85.41
Central Europe and the Baltics,CEB,121.74,124.8,129.36,131.77,130.86,126.08,125.0,122.13,119.83,120.79,121.62
Switzerland,CHE,123.29,127.45,132.08,136.6,136.18,135.76,134.27,131.2,126.71,126.95,127.41
Channel Islands,CHI,,,,,,,,,,,
Chile,CHL,116.75,129.94,138.05,135.13,133.89,129.86,128.86,125.29,134.64,131.58,129.89
China,CHN,63.72,72.67,81.38,89.32,92.85,92.7,97.36,104.23,116.39,122.81,120.6
Cote d'Ivoire,CIV,73.86,80.44,82.23,86.3,96.13,107.67,113.37,127.77,132.61,142.94,149.54
Cameroon,CMR,43.45,51.28,62.32,72.41,76.41,78.92,78.94,82.55,73.6,83.01,84.37
Congo, Dem. Rep.,14.72,17.8,22.79,28.3,38.43,48.8,48.0,35.48,41.97,41.88,41.29
Congo, Rep.,69.25,83.8,84.74,90.87,96.51,99.7,102.99,104.57,95.17,91.89,91.82
Colombia,COL,99.24,101.97,107.17,108.77,118.54,121.66,123.22,128.68,130.92,132.07,132.87
Comoros,COM,25.19,32.3,41.42,49.69,53.6,58.17,60.89,61.56,64.27,72.72,96.95
Cabo Verde,CPV,71.35,75.15,79.67,92.5,112.32,110.74,107.8,108.37,106.85,103.23,93.49
Costa Rica,CRI,67.68,88.74,113.54,148.43,144.92,153.94,168.46,177.02,168.54,143.77,146.64
Caribbean small states,CSS,113.3,106.95,103.29,108.44,110.75,112.93,116.77,112.62,111.1,114.18,111.86
Cuba,CUB,8.88,11.64,14.87,17.63,22.33,29.41,35.16,40.7,47.43,53.4,58.95
Curacao,CUW,128.01,127.6,124.86,122.49,114.61,112.34,109.32,109.13,100.9,95.41,96.15
Cayman Islands,CYM,185.98,174.4,173.82,168.41,152.89,153.08,153.65,152.02,,149.7,148.57
Cyprus,CYP,123.13,126.56,128.3,128.16,131.15,130.98,132.64,136.17,137.05,139.99,139.64
Czechia,CZE,123.6,125.45,128.64,130.48,132.29,118.35,118.59,119.99,120.6,124.34,123.44
Germany,DEU,108.7,111.64,113.31,122.47,121.59,117.41,125.67,132.77,129.68,128.93,128.89
Djibouti,DJI,18.02,20.61,22.26,25.12,29.02,31.24,33.74,35.86,37.37,38.54,39.81
Dominica,DMA,153.54,158.45,158.66,135.97,106.51,110.35,111.94,106.86,108.47,109.39,103.63
Denmark,DNK,115.67,128.64,130.21,124.99,126.72,124.68,122.4,124.46,125.14,124.98,124.5
Dominican Republic,DOM,90.97,88.56,89.07,90.58,80.76,84.54,82.72,82.36,83.02,82.23,81.73
Algeria,DZA,91.42,97.46,100.72,103.99,111.71,109.32,116.61,111.45,112.47,106.37,104.84
East Asia & Pacific (excluding high income),EAP,70.21,80.18,88.95,95.92,100.98,101.51,107.88,114.3,120.39,126.85,124.18
Early-demographic dividend,EAR,67.2,76.46,78.61,82.25,85.2,88.05,93.96,96.36,95.61,95.77,95.4
East Asia & Pacific,EAS,73.98,83.52,91.84,98.43,103.47,104.11,110.21,116.31,122.31,128.55,126.54
Europe & Central Asia (excluding high income),ECA,122.59,119.28,121.79,125.93,127.04,127.58,126.95,127.13,125.82,131.13,129.89
Europe & Central Asia,ECS,120.33,120.44,122.58,125.06,124.88,124.31,124.12,124.35,123.38,125.79,124.9
Ecuador,ECU,98.61,100.62,106.28,105.74,104.06,79.92,84.44,87.75,92.7,91.41,88.04
Egypt, Arab Rep.,64.74,80.98,93.53,106.09,106.78,99.71,96.21,98.0,101.15,90.4,90.27
Euro area,EMU,117.46,120.43,121.82,122.87,121.21,120.55,121.61,123.04,122.71,122.23,121.6
Eritrea,ERI,5.89,7.54,9.39,10.76,12.56,14.22,15.04,20.46,,37.47,50.65
Spain,ESP,110.34,112.54,108.36,107.63,109.34,109.99,110.86,112.71,115.75,117.45,117.49
Estonia,EST,124.13,136.06,151.19,146.24,144.35,144.79,144.23,144.54,145.52,147.02,144.86
Ethiopia,ETH,7.68,15.39,21.73,26.42,30.57,41.29,48.65,36.6,,36.73,37.97
European Union,EUU,118.36,121.51,123.54,124.93,123.56,121.83,122.19,122.56,121.96,121.8,121.48
Fragile and conflict affected situations,FCS,43.54,48.93,55.53,62.07,68.29,71.98,70.5,67.69,76.78,74.45,75.98
Finland,FIN,156.43,165.92,172.15,136.26,139.21,134.98,131.39,129.99,129.64,129.49,128.76
Fiji,FJI,77.1,80.03,94.26,101.86,95.7,105.32,113.75,112.5,110.45,112.14,107.72
France,FRA,92.54,95.29,98.71,99.98,102.89,104.5,105.6,107.6,109.56,111.86,112.83
Faroe Islands,FRO,122.8,120.85,121.35,119.28,120.26,109.01,110.07,112.72,111.46,106.34,112.97
Micronesia, Fed. Sts.,25.49,25.58,25.58,28.84,28.9,,20.56,21.3,20.93,,20.65
Gabon,GAB,94.09,133.72,139.26,144.32,149.11,139.09,142.0,124.44,133.69,133.44,133.02
United Kingdom,GBR,122.26,121.93,122.76,122.35,121.13,121.5,120.22,119.73,118.75,120.85,117.82
Georgia,GEO,103.69,115.93,123.51,131.88,143.1,147.19,146.69,145.88,144.72,142.73,135.43
Ghana,GHA,68.18,80.77,95.38,101.82,107.68,121.26,129.61,121.6,132.6,129.61,125.73
Gibraltar,GIB,95.96,102.52,108.05,,117.1,127.43,126.32,125.87,125.72,124.02,108.35
Guinea,GIN,38.95,46.17,51.76,67.27,76.62,92.59,93.12,95.58,95.68,99.96,104.47
Gambia, The,69.9,76.31,70.12,74.05,87.01,104.32,120.53,122.48,124.56,130.12,103.02
Guinea-Bissau,GNB,43.22,45.53,63.48,55.36,63.57,69.23,70.09,76.33,76.91,80.71,94.94
Equatorial Guinea,GNQ,36.48,41.84,41.98,41.06,39.88,39.6,41.15,39.02,39.36,39.73,40.41
Greece,GRC,111.41,110.21,121.86,114.7,111.8,116.29,116.64,121.0,114.46,112.37,108.57
Grenada,GRD,106.93,105.17,112.08,113.73,99.3,100.66,99.17,93.6,97.44,94.67,96.04
Greenland,GRL,101.77,104.36,105.79,107.69,108.66,109.14,,111.43,109.77,110.24,117.73
Guatemala,GTM,124.24,131.32,137.41,140.81,107.62,113.25,112.11,120.56,121.47,122.03,117.44
Guam,GUM,,,,,,,,,,,
Guyana,GUY,74.93,71.05,73.53,74.26,75.48,71.86,77.02,84.27,,97.4,107.38
High income,HIC,109.27,113.01,115.31,117.05,118.43,118.7,119.49,119.35,120.65,121.97,121.85
Hong Kong SAR, China,177.56,193.39,213.13,226.53,232.61,230.67,226.01,236.49,246.53,265.97,286.22
Honduras,HND,112.47,93.5,83.82,86.68,84.63,86.59,82.79,85.53,77.49,75.91,68.77
Heavily indebted poor countries (HIPC),HPC,36.84,44.6,50.46,56.48,61.75,66.56,65.09,65.14,72.13,68.1,70.93
Croatia,HRV,112.81,117.54,114.77,109.57,104.14,103.78,104.51,102.94,105.48,106.66,106.81
Haiti,HTI,40.64,42.19,60.3,69.78,65.01,69.1,60.71,58.05,59.96,61.32,64.73
Hungary,HUN,120.28,117.45,116.7,117.14,118.83,100.57,101.39,101.59,102.72,105.13,105.97
IBRD only,IBD,78.8,87.56,91.79,96.56,99.26,99.77,104.25,107.37,108.62,111.2,109.79
IDA & IBRD total,IBT,70.28,78.57,83.13,88.15,91.56,92.74,96.3,98.75,102.01,103.47,103.09
IDA total,IDA,43.54,50.62,56.55,62.61,68.42,71.85,72.94,73.72,81.33,81.62,84.49
IDA blend,IDB,54.19,58.99,64.39,68.74,71.72,72.01,74.03,73.7,79.42,85.2,90.04
Indonesia,IDN,86.59,101.1,112.69,123.67,127.07,130.82,147.25,164.54,119.61,126.59,130.81
IDA only,IDX,38.17,46.39,52.59,59.52,66.75,71.77,72.4,73.73,82.42,79.85,81.75
Isle of Man,IMN,,,,,,,,,,,
India,IND,60.63,71.08,67.85,68.65,72.21,75.67,84.25,86.32,85.9,83.25,82.62
Not classified,INX,,,,,,,,,,,
Ireland,IRL,103.91,107.96,109.84,106.36,106.28,105.06,103.38,102.66,102.83,105.4,105.82
Iran, Islamic Rep.,70.71,71.71,73.41,75.21,83.16,86.16,90.74,96.66,103.01,103.63,136.39
Iraq,IRQ,74.41,78.82,79.01,91.46,89.8,88.88,86.43,84.34,89.99,89.56,88.06
Iceland,ISL,107.14,107.76,109.7,109.95,112.94,115.97,119.64,116.76,116.55,114.6,114.92
Israel,ISR,124.32,123.33,121.51,122.95,120.81,132.0,129.55,126.85,126.53,135.92,140.11
Italy,ITA,156.57,160.0,161.47,160.6,149.06,145.59,142.98,139.78,139.19,133.07,130.39
Jamaica,JAM,116.39,107.25,98.37,102.63,107.93,112.27,116.58,110.07,105.45,107.47,101.87
Jordan,JOR,95.51,105.24,124.58,134.04,128.12,145.33,98.53,94.99,83.48,72.71,63.94
Japan,JPN,96.24,103.71,110.38,115.83,123.83,126.18,131.39,136.42,142.47,148.27,155.74
Kazakhstan,KAZ,116.69,149.66,176.79,175.06,162.55,147.51,141.24,145.75,140.61,137.13,128.0
Kenya,KEN,60.14,65.86,70.28,71.06,73.38,80.5,81.39,87.47,99.1,107.07,118.13
Kyrgyz Republic,KGZ,96.2,113.05,120.7,117.8,130.08,128.14,126.51,138.34,140.36,136.35,132.47
Cambodia,KHM,56.75,94.39,129.21,135.1,134.46,135.24,127.46,117.32,121.17,132.15,128.6
Kiribati,KIR,9.81,12.55,16.13,17.65,26.09,35.13,43.88,38.32,43.63,43.99,43.22
St. Kitts and Nevis,KNA,168.77,161.83,159.24,161.2,136.01,152.77,160.26,160.88,149.9,136.7,131.24
Korea, Rep.,98.67,104.0,106.79,108.04,109.15,113.32,115.57,119.46,123.58,128.41,132.99
Kuwait,KWT,135.19,156.95,150.24,175.78,202.04,196.09,189.21,173.07,164.46,164.98,155.27
Latin America & Caribbean (excluding high income),LAC,95.85,104.92,109.55,115.91,115.41,111.56,110.18,106.98,105.42,102.94,102.67
Lao PDR,LAO,63.31,85.42,66.06,69.88,69.02,54.91,57.44,53.04,51.55,64.29,63.35
Lebanon,LBN,57.32,68.52,72.52,68.41,69.92,72.79,68.34,72.01,74.35,73.3,75.72
Liberia,LBR,39.09,48.33,54.94,57.61,71.36,79.18,66.23,55.46,,38.85,32.49
Libya,LBY,167.9,161.6,163.33,171.01,139.35,157.41,121.93,94.38,,56.6,43.91
St. Lucia,LCA,115.96,125.78,124.77,121.89,107.75,106.9,100.13,99.73,103.97,82.76,81.42
Latin America & Caribbean,LCN,97.29,105.95,110.52,116.17,115.73,111.65,110.02,106.61,104.97,102.52,102.07
Least developed countries: UN classification,LDC,33.17,41.81,48.08,55.19,62.3,66.75,66.75,67.49,75.38,73.83,75.9
Low income,LIC,26.94,33.97,38.82,45.01,50.77,53.56,51.71,51.61,58.2,53.28,55.63
Liechtenstein,LIE,98.81,102.16,98.84,104.4,109.59,109.62,117.79,122.47,123.81,124.08,126.14
Sri Lanka,LKA,83.99,87.82,91.99,96.14,104.16,112.01,120.4,131.12,140.32,130.96,136.91
Lower middle income,LMC,63.6,72.69,74.61,77.21,81.57,83.98,88.76,90.31,92.94,95.44,95.99
Low & middle income,LMY,68.92,77.25,81.81,86.89,90.37,91.7,95.4,98.0,101.72,102.89,102.56
Lesotho,LSO,48.82,60.48,75.18,86.32,102.08,101.02,106.49,109.68,71.98,75.56,69.32
Late-demographic dividend,LTE,83.37,91.06,98.7,105.49,109.21,107.64,110.46,113.6,122.71,125.4,123.57
Lithuania,LTU,155.81,159.3,163.13,150.78,142.49,141.17,143.33,150.16,130.89,130.02,130.2
Luxembourg,LUX,143.37,147.62,143.49,145.17,144.3,141.69,130.97,133.16,131.37,131.91,132.95
Latvia,LVA,109.73,111.17,128.11,125.92,118.55,130.02,134.29,126.05,106.95,108.09,108.13
Macao SAR, China,191.04,201.38,236.99,276.86,290.25,307.27,308.19,314.35,320.54,335.06,420.85
St. Martin (French part),MAF,,,,,,,,,,,
Morocco,MAR,98.88,111.51,117.37,125.83,129.02,124.28,118.18,123.42,124.17,127.95,133.89
Monaco,MCO,70.57,93.65,95.66,100.11,93.26,92.55,89.82,89.02,88.28,91.22,96.11
Moldova,MDA,69.34,89.49,102.2,108.2,111.98,113.3,117.47,117.8,115.76,116.22,110.88
Madagascar,MDG,35.49,38.84,38.22,35.87,40.11,43.03,31.36,33.36,39.69,47.23,56.22
Maldives,MDV,136.72,141.66,144.64,156.01,159.77,169.84,178.78,190.52,175.18,164.13,139.51
Middle East & North Africa,MEA,88.99,95.42,100.33,105.5,105.79,105.91,104.78,103.81,102.13,106.44,107.08
Mexico,MEX,81.21,82.86,87.02,91.01,88.37,89.63,91.94,93.07,96.9,97.56,97.54
Marshall Islands,MHL,,,,,30.74,31.37,,33.91,,35.77,36.85
Middle income,MIC,72.99,81.52,86.12,91.14,94.44,95.67,100.01,102.98,105.21,108.4,107.87
North Macedonia,MKD,102.85,105.54,106.48,106.42,105.66,98.84,97.17,95.08,93.17,90.86,88.21
Mali,MLI,47.91,67.47,88.48,116.15,133.92,125.32,108.12,114.1,110.14,111.47,119.28
Malta,MLT,108.79,123.18,123.8,127.23,122.35,114.8,125.18,126.12,125.28,125.96,122.85
Myanmar,MMR,1.2,2.5,7.43,13.49,56.84,79.62,97.48,91.7,116.1,154.5,147.03
Middle East & North Africa (excluding high income),MNA,78.55,85.21,90.81,96.03,96.37,96.22,96.07,97.65,95.86,101.28,102.06
Montenegro,MNE,185.41,183.47,156.52,156.78,159.75,158.98,164.35,165.18,179.65,182.58,171.7
Mongolia,MNG,92.89,107.23,120.87,101.14,104.29,103.49,111.16,125.52,133.44,136.71,132.47
Northern Mariana Islands,MNP,,,,,,,,,,,
Mozambique,MOZ,31.31,33.06,35.96,49.11,70.98,75.01,54.25,41.57,47.83,48.78,49.6
Mauritania,MRT,81.18,94.06,110.71,106.55,97.66,92.35,89.2,97.94,106.93,107.46,129.13
Mauritius,MUS,92.8,100.61,115.29,118.82,127.85,136.28,140.2,142.07,148.06,144.0,147.39
Malawi,MWI,21.18,26.09,29.82,33.01,34.18,38.77,41.24,43.47,38.53,47.18,51.63
Malaysia,MYS,117.9,125.62,139.33,142.71,146.79,141.96,137.87,132.41,130.91,135.96,131.7
North America,NAC,90.1,93.12,94.66,95.67,98.31,100.42,101.56,101.49,103.33,104.92,102.96
Namibia,NAM,92.89,102.91,99.05,123.74,119.08,111.7,114.49,113.35,114.7,115.41,116.43
New Caledonia,NCL,84.46,85.36,85.14,87.01,86.57,91.96,,,,91.11,90.78
Niger,NER,22.04,27.44,30.05,37.56,42.52,44.51,35.71,40.39,,51.69,58.52
Nigeria,NGA,54.24,57.52,66.31,72.83,77.47,81.97,81.81,74.9,87.07,90.8,98.03
Nicaragua,NIC,67.66,81.17,97.03,111.27,113.84,115.33,121.23,126.22,113.23,86.86,88.25
Netherlands,NLD,115.42,118.73,117.47,115.41,115.38,122.11,121.99,119.32,122.11,125.33,122.83
Norway,NOR,114.51,115.58,115.51,112.03,111.68,110.11,109.41,108.38,107.69,107.99,108.29
Nepal,NPL,33.86,48.98,60.77,78.02,83.83,99.66,115.29,128.08,137.44,134.21,130.2
Nauru,NRU,60.54,65.16,65.11,,,84.04,86.56,85.6,,82.43,81.2
New Zealand,NZL,108.37,110.01,111.6,107.09,112.98,121.99,130.67,134.84,130.6,121.21,123.21
OECD members,OED,101.85,105.33,108.02,109.86,111.13,111.74,113.06,114.14,115.71,116.86,116.85
Oman,OMN,151.45,147.93,150.87,149.21,153.81,155.76,153.29,148.82,139.97,138.23,140.07
Other small states,OSS,85.61,94.76,101.64,108.54,114.95,117.05,118.91,116.95,114.32,112.73,112.67
Pakistan,PAK,51.01,54.83,59.42,62.21,65.19,59.68,63.92,66.79,70.08,74.08,77.3
Panama,PAN,183.42,182.6,165.48,162.36,177.59,145.1,127.7,128.91,137.38,137.64,142.25
Peru,PER,99.61,110.12,98.78,99.18,105.03,111.47,118.63,123.13,130.9,121.39,118.18
Philippines,PHL,87.86,97.77,104.03,103.13,109.87,114.37,114.51,112.4,123.98,151.59,133.33
Palau,PLW,78.27,84.68,95.57,100.79,107.41,133.43,,,,133.96,133.54
Papua New Guinea,PNG,25.17,30.74,33.75,36.38,39.68,41.0,42.5,44.08,46.09,47.52,49.42
Poland,POL,121.65,129.88,140.03,147.57,147.49,141.46,137.55,130.95,125.35,125.72,128.42
Pre-demographic dividend,PRE,44.16,50.85,56.32,62.26,67.21,70.66,68.14,68.61,73.38,75.75,79.95
Puerto Rico,PRI,78.91,84.2,83.37,85.34,90.14,91.64,94.74,100.68,100.33,102.4,106.82
Korea, Dem. People's Rep.,0.28,1.75,4.03,6.83,9.68,11.14,12.83,14.2,14.93,,16.51
Portugal,PRT,115.32,116.75,113.26,114.59,114.29,113.02,111.99,114.13,115.25,115.74,115.08
Paraguay,PRY,102.64,111.72,114.69,117.44,119.94,119.97,119.51,117.51,115.46,118.86,118.83
West Bank and Gaza,PSE,64.2,69.52,73.9,73.62,72.2,77.96,80.1,84.18,89.98,86.33,79.63
Pacific island small states,PSS,52.85,60.61,66.9,69.52,72.28,77.25,83.78,83.63,86.86,81.07,77.08
Post-demographic dividend,PST,105.08,108.61,111.02,112.76,114.29,114.83,116.0,117.11,118.57,120.33,120.08
French Polynesia,PYF,76.07,78.11,79.42,84.5,88.01,91.96,95.42,97.42,101.7,106.1,110.96
Qatar,QAT,127.6,127.61,136.5,162.63,149.28,154.91,140.75,147.08,142.62,139.55,137.61
Romania,ROU,119.79,115.82,113.42,114.17,114.62,116.15,115.67,113.71,115.44,116.12,116.18
Russian Federation,RUS,165.66,141.79,144.5,151.26,152.79,156.77,157.72,156.19,157.43,164.39,163.59
Rwanda,RWA,34.42,42.04,52.5,60.26,68.14,75.24,74.78,72.11,77.41,75.25,80.74
South Asia,SAS,57.63,67.28,66.39,68.73,72.49,74.96,82.43,85.45,86.11,84.54,84.88
Saudi Arabia,SAU,175.32,179.1,171.96,168.68,164.15,161.21,143.44,117.6,117.97,115.27,120.05
Sudan,SDN,53.63,72.8,78.67,76.85,75.12,73.19,70.62,70.41,71.67,76.36,79.2
Senegal,SEN,66.59,72.64,86.69,96.6,102.93,104.2,102.95,103.96,106.32,111.75,116.08
Singapore,SGP,143.01,147.58,149.93,154.03,145.48,145.72,148.12,145.41,147.36,154.0,142.89
Solomon Islands,SLB,21.37,49.64,53.22,55.48,63.06,69.32,66.32,72.3,73.12,70.83,68.58
Sierra Leone,SLE,31.07,32.32,32.55,57.43,66.62,77.34,83.79,86.29,80.84,83.63,83.61
El Salvador,SLV,125.95,135.5,140.38,145.37,148.05,149.8,154.18,151.25,150.3,165.55,158.1
San Marino,SMR,96.77,109.14,108.66,110.5,112.61,109.1,108.09,111.58,112.72,113.38,114.68
Somalia,SOM,5.39,14.73,18.49,40.33,41.32,42.4,46.55,47.89,49.66,51.48,53.48
Serbia,SRB,136.02,141.04,127.2,128.67,131.35,129.38,129.18,123.14,121.07,122.05,120.22
Sub-Saharan Africa (excluding high income),SSA,44.09,52.15,58.57,64.7,69.37,74.54,72.6,71.91,81.16,78.61,82.12
South Sudan,SSD,15.44,17.57,21.49,25.69,25.65,25.9,24.4,26.17,18.43,21.27,12.67
Sub-Saharan Africa,SSF,44.09,52.16,58.58,64.71,69.38,74.55,72.61,71.92,81.17,78.62,82.12
Small states,SST,88.99,95.18,99.78,106.11,111.6,113.81,116.4,114.13,112.2,111.06,110.36
Sao Tome and Principe,STP,56.4,61.83,64.33,64.68,65.06,91.97,87.01,83.62,76.94,77.24,79.68
Suriname,SUR,95.44,96.63,101.96,154.02,162.86,130.41,138.77,135.45,126.71,135.57,148.15
Slovak Republic,SVK,109.8,110.74,112.67,114.66,117.69,123.06,128.7,130.86,132.95,135.67,133.59
Slovenia,SVN,103.14,104.99,108.3,110.19,112.12,113.12,114.15,116.43,117.09,118.89,120.46
Sweden,SWE,117.17,120.99,123.99,124.52,126.31,128.32,126.02,124.47,124.25,125.59,123.37
Eswatini,SWZ,65.99,69.35,72.43,79.85,81.43,82.99,87.09,89.24,89.85,91.85,105.82
Sint Maarten (Dutch part),SXM,,,195.91,,,,,,,,
Seychelles,SYC,127.25,134.92,143.2,141.44,154.42,149.38,151.09,164.31,173.56,185.56,173.88
Syrian Arab Republic,SYR,52.36,56.83,57.42,57.18,69.95,74.52,70.39,81.05,88.6,88.24,80.2
Turks and Caicos Islands,TCA,,,,,,,,,,,
Chad,TCD,24.17,29.76,34.51,34.51,38.34,38.65,38.28,42.22,44.76,47.53,52.19
East Asia & Pacific (IDA & IBRD countries),TEA,71.07,81.13,89.98,97.0,102.09,102.61,109.04,115.52,120.39,128.21,125.42
Europe & Central Asia (IDA & IBRD countries),TEC,122.28,120.03,122.92,127.11,128.03,128.04,127.15,126.65,125.15,129.82,128.99
Togo,TGO,39.6,39.94,47.82,59.99,61.96,64.97,71.86,77.3,76.36,75.69,77.19
Thailand,THA,105.06,112.71,122.93,134.88,138.79,146.44,169.49,171.41,175.88,181.77,162.7
Tajikistan,TJK,77.95,81.24,82.05,92.63,96.07,99.59,107.73,110.96,109.55,117.76,121.38
Turkmenistan,TKM,60.7,98.87,108.08,110.17,127.25,135.99,146.12,157.11,96.32,97.46,98.63
Latin America & the Caribbean (IDA & IBRD countries),TLA,99.1,107.92,112.53,118.25,117.67,113.31,111.5,107.85,106.04,103.39,102.8
Timor-Leste,TLS,43.46,55.18,54.58,55.96,116.11,114.17,121.85,125.21,116.38,111.31,105.99
Middle East & North Africa (IDA & IBRD countries),TMN,78.72,85.39,91.02,96.3,96.67,96.44,96.26,97.82,95.93,101.46,102.34
Tonga,TON,50.57,51.11,52.09,53.69,63.77,69.25,75.68,102.39,102.65,59.17,58.91
South Asia (IDA & IBRD),TSA,57.63,67.28,66.39,68.73,72.49,74.96,82.43,85.45,86.11,84.54,84.88
Sub-Saharan Africa (IDA & IBRD countries),TSS,44.09,52.16,58.58,64.71,69.38,74.55,72.61,71.92,81.17,78.62,82.12
Trinidad and Tobago,TTO,134.32,128.6,131.69,134.92,136.53,145.42,147.4,137.33,131.09,142.35,130.95
Tunisia,TUN,102.01,112.28,114.94,112.5,124.98,126.29,122.22,121.36,123.77,122.59,122.13
Turkiye,TUR,84.39,88.07,89.91,90.97,92.03,92.46,92.65,94.77,96.75,96.78,97.61
Tuvalu,TUV,15.17,19.91,25.8,31.14,34.87,60.68,70.03,73.88,78.23,82.15,81.31
Tanzania,TZA,46.52,55.3,56.96,55.72,62.7,75.49,73.61,71.01,74.88,79.64,83.01
Uganda,UGA,39.66,50.15,47.72,51.22,56.05,53.95,58.94,62.17,58.95,59.13,62.36
Ukraine,UKR,117.77,121.94,130.86,138.44,144.28,142.0,133.17,131.36,127.75,130.63,129.34
Upper middle income,UMC,82.75,90.77,98.26,105.93,108.2,108.27,112.23,116.84,118.75,122.79,121.17
Uruguay,URY,132.35,141.52,148.18,155.8,162.08,151.8,149.89,148.96,130.12,132.02,132.73
United States,USA,91.62,94.75,96.27,97.28,100.17,102.31,103.37,103.13,104.85,106.41,104.94
Uzbekistan,UZB,73.22,87.56,68.72,71.75,71.07,70.38,73.97,75.96,71.58,101.22,99.58
St. Vincent and the Grenadines,VCT,120.57,121.26,117.49,116.68,107.58,106.47,106.31,109.75,106.8,91.85,95.92
Venezuela, RB,99.28,97.09,98.92,103.73,103.55,101.11,95.3,89.78,80.14,69.51,63.77
British Virgin Islands,VGB,172.46,166.64,171.36,186.36,189.03,194.77,133.46,146.52,131.71,129.15,113.76
Virgin Islands (U.S.),VIR,,,,,,,,,,79.34,79.65
Vietnam,VNM,127.64,144.11,147.45,137.08,149.23,130.52,129.5,127.63,148.17,142.24,143.75
Vanuatu,VUT,69.23,54.5,56.77,48.28,57.81,63.24,77.19,78.56,84.57,87.13,79.0
World,WLD,75.85,83.34,87.49,91.95,95.03,96.13,99.29,101.38,104.7,105.79,105.46
Samoa,WSM,46.23,,50.63,49.96,52.8,59.2,73.47,59.82,47.69,39.64,32.1
Kosovo,XKX,32.3,,,,,,,,,,
Yemen, Rep.,34.59,44.8,45.8,53.01,62.42,61.61,52.68,56.14,51.13,49.68,48.3
South Africa,ZAF,97.27,122.04,128.69,142.68,144.86,157.49,146.06,156.24,161.19,166.94,163.19
Zambia,ZMB,39.49,57.23,71.38,68.24,64.27,71.13,71.67,77.69,86.74,93.69,100.93
Zimbabwe,ZWE,59.97,70.63,95.09,100.57,85.15,90.13,89.11,95.53,85.76,85.94,84.19
Aruba,ABW,9.0,5.0,5.0,5.0,6.0,7.0,8.0,53.0,56.0,37.0,34.0
Africa Eastern and Southern,AFE,6529.0,7855.0,9437.0,9540.0,9474.0,10609.0,10991.0,10179.0,10678.0,14845.0,14399.0
Afghanistan,AFG,141.0,378.0,179.0,219.0,347.0,253.0,349.0,628.0,823.0,804.0,829.0
Africa Western and Central,AFW,21884.0,23802.0,27624.0,27691.0,28077.0,29073.0,31217.0,28385.0,31597.0,34560.0,32586.0
Angola,AGO,0.0,18.0,0.0,40.0,37.0,31.0,11.0,4.0,1.0,2.0,3.0
Albania,ALB,1718.0,1587.0,1552.0,1420.0,1282.0,1421.0,1291.0,1306.0,1312.0,1458.0,1473.0
Andorra,AND,,,,,,,,,,,21.0
Arab World,ARB,31755.0,37781.0,38945.0,45934.0,47229.0,53122.0,49328.0,48648.0,51686.0,54417.0,57002.0
United Arab Emirates,ARE,,,,,,,,,,,
Argentina,ARG,629.0,644.0,697.0,578.0,535.0,505.0,494.0,392.0,480.0,522.0,561.0
Armenia,ARM,1440.0,1669.0,1799.0,1915.0,2192.0,2079.0,1491.0,1382.0,1539.0,1488.0,1528.0
American Samoa,ASM,,,,,,,,,,,
Antigua and Barbuda,ATG,21.0,20.0,20.0,21.0,21.0,32.0,31.0,27.0,24.0,33.0,37.0
Australia,AUS,1335.0,1864.0,2449.0,2405.0,2442.0,2330.0,2175.0,2057.0,2002.0,1868.0,1763.0
Austria,AUT,3102.0,2983.0,3251.0,3028.0,3262.0,3240.0,2864.0,2888.0,2957.0,3023.0,2996.0
Azerbaijan,AZE,1255.0,1410.0,1893.0,1990.0,1733.0,1846.0,1270.0,643.0,1133.0,1226.0,1275.0
Burundi,BDI,28.0,34.0,45.0,46.0,49.0,56.0,51.0,31.0,34.0,48.0,0.0
Belgium,BEL,11091.0,10994.0,11729.0,11171.0,11695.0,12161.0,10465.0,10786.0,11435.0,12449.0,12330.0
Benin,BEN,126.0,140.0,172.0,208.0,249.0,305.0,214.0,222.0,196.0,199.0,217.0
Burkina Faso,BFA,96.0,120.0,221.0,210.0,308.0,396.0,385.0,397.0,417.0,456.0,467.0
Bangladesh,BGD,10521.0,10850.0,12071.0,14120.0,13867.0,14988.0,15296.0,13574.0,13502.0,15566.0,18364.0
Bulgaria,BGR,1592.0,1333.0,1483.0,1449.0,1667.0,1685.0,1495.0,1666.0,2194.0,2408.0,2342.0
Bahrain,BHR,,,,,,,,,,,
Bahamas, The,,,,,,,,,,,
Bosnia and Herzegovina,BIH,2127.0,1822.0,1958.0,1846.0,1958.0,2107.0,1801.0,1846.0,2017.0,2263.0,2333.0
Belarus,BLR,504.0,575.0,891.0,1053.0,1214.0,1231.0,932.0,977.0,1254.0,1446.0,1419.0
Belize,BLZ,79.0,78.0,75.0,76.0,74.0,80.0,85.0,97.0,90.0,93.0,97.0
Bermuda,BMU,1346.0,1261.0,1175.0,1191.0,1225.0,1336.0,1445.0,1446.0,1506.0,1447.0,1547.0
Bolivia,BOL,1058.0,960.0,1043.0,1111.0,1201.0,1177.0,1191.0,1247.0,1408.0,1388.0,1336.0
Brazil,BRA,2889.0,3083.0,3215.0,2784.0,2718.0,2648.0,2897.0,2740.0,2699.0,2933.0,3214.0
Barbados,BRB,114.0,82.0,147.0,152.0,191.0,189.0,198.0,158.0,85.0,0.0,0.0
Brunei Darussalam,BRN,,,,,,,,,,,
Bhutan,BTN,5.0,8.0,10.0,18.0,12.0,14.0,20.0,34.0,43.0,58.0,57.0
Botswana,BWA,15.0,22.0,20.0,18.0,36.0,46.0,30.0,25.0,39.0,44.0,59.0
Central African Republic,CAF,0.0,0.0,0.0,0.0,0.0,0.0,0.0,0.0,0.0,0.0,0.0
Canada,CAN,1196.0,1199.0,1227.0,1255.0,1337.0,1351.0,1274.0,1289.0,1268.0,1296.0,1312.0
Central Europe and the Baltics,CEB,22541.0,20095.0,22033.0,21507.0,29211.0,30822.0,28731.0,30453.0,33174.0,35400.0,36776.0
Switzerland,CHE,2342.0,2495.0,2615.0,2420.0,2437.0,2406.0,2517.0,2524.0,2592.0,2551.0,2549.0
Channel Islands,CHI,,,,,,,,,,,
Chile,CHL,52.0,62.0,71.0,72.0,71.0,61.0,59.0,65.0,67.0,70.0,69.0
China,CHN,9209.0,13636.0,16568.0,17066.0,17790.0,29911.0,33105.0,26883.0,28676.0,24306.0,18294.0
Cote d'Ivoire,CIV,316.0,374.0,397.0,367.0,385.0,387.0,336.0,342.0,308.0,332.0,328.0
Cameroon,CMR,185.0,115.0,220.0,210.0,244.0,283.0,242.0,269.0,317.0,334.0,356.0
Congo, Dem. Rep.,15.0,20.0,16.0,1128.0,856.0,1001.0,756.0,1167.0,593.0,1076.0,1823.0
Congo, Rep.,22.0,34.0,33.0,62.0,68.0,72.0,42.0,30.0,8.0,0.0,0.0
Colombia,COL,4125.0,4031.0,4101.0,4019.0,4450.0,4166.0,5002.0,5192.0,5819.0,6675.0,7115.0
Comoros,COM,100.0,87.0,108.0,110.0,0.0,160.0,132.0,117.0,132.0,173.0,169.0
Cabo Verde,CPV,136.0,131.0,177.0,177.0,176.0,197.0,201.0,211.0,217.0,235.0,215.0
Costa Rica,CRI,513.0,531.0,520.0,562.0,596.0,594.0,552.0,545.0,560.0,534.0,553.0
Caribbean small states,CSS,2625.0,2826.0,3082.0,3198.0,3105.0,3245.0,3346.0,3325.0,3421.0,3403.0,3592.0
Cuba,CUB,,,,,,,,,,,
Curacao,CUW,0.0,0.0,150.0,136.0,133.0,143.0,142.0,148.0,160.0,155.0,176.0
Cayman Islands,CYM,0.0,0.0,0.0,0.0,0.0,0.0,0.0,14.0,16.0,14.0,14.0
Cyprus,CYP,593.0,862.0,741.0,601.0,431.0,323.0,298.0,392.0,464.0,521.0,535.0
Czechia,CZE,1196.0,1229.0,1394.0,1409.0,1738.0,2628.0,2675.0,3126.0,3585.0,3936.0,3860.0
Germany,DEU,12345.0,12789.0,15337.0,14637.0,16396.0,17049.0,15566.0,15192.0,17692.0,18903.0,18339.0
Djibouti,DJI,32.0,33.0,32.0,33.0,40.0,38.0,40.0,40.0,41.0,60.0,79.0
Dominica,DMA,22.0,23.0,23.0,23.0,24.0,50.0,56.0,44.0,44.0,42.0,48.0
Denmark,DNK,1019.0,925.0,1150.0,1182.0,1371.0,1483.0,1258.0,1247.0,1314.0,1415.0,1451.0
Dominican Republic,DOM,3415.0,3887.0,4241.0,4262.0,4486.0,4810.0,5196.0,5508.0,6178.0,6818.0,7421.0
Algeria,DZA,150.0,197.0,203.0,215.0,210.0,2452.0,1997.0,1989.0,1792.0,1985.0,1786.0
East Asia & Pacific (excluding high income),EAP,47931.0,57502.0,63368.0,68199.0,74857.0,91284.0,97364.0,93452.0,98942.0,100207.0,98991.0
Early-demographic dividend,EAR,167685.0,185927.0,209734.0,233080.0,240649.0,257903.0,261219.0,257550.0,277799.0,304856.0,325618.0
East Asia & Pacific,EAS,58824.0,68804.0,76725.0,81965.0,88414.0,106258.0,111474.0,108032.0,112934.0,114552.0,113288.0
Europe & Central Asia (excluding high income),ECA,35295.0,37839.0,44186.0,46594.0,51301.0,49897.0,42279.0,43192.0,52283.0,59020.0,61819.0
Europe & Central Asia,ECS,132490.0,134050.0,150342.0,149836.0,168307.0,171098.0,154495.0,155723.0,172041.0,185667.0,193397.0
Ecuador,ECU,2742.0,2599.0,2681.0,2476.0,2459.0,2472.0,2388.0,2612.0,2849.0,3039.0,3243.0
Egypt, Arab Rep.,8694.0,7150.0,12453.0,14324.0,19236.0,17833.0,19570.0,18325.0,18590.0,24737.0,25516.0
Euro area,EMU,68083.0,69327.0,77374.0,75264.0,82115.0,84930.0,77839.0,77448.0,82729.0,87716.0,91343.0
Eritrea,ERI,0.0,0.0,0.0,0.0,0.0,0.0,0.0,0.0,0.0,0.0,0.0
Spain,ESP,1525.0,1596.0,1714.0,2094.0,3036.0,3130.0,2673.0,2632.0,3005.0,3332.0,3207.0
Estonia,EST,340.0,357.0,439.0,461.0,565.0,544.0,457.0,486.0,505.0,570.0,542.0
Ethiopia,ETH,262.0,436.0,538.0,624.0,833.0,1796.0,1087.0,772.0,393.0,436.0,480.0
European Union,EUU,90598.0,89365.0,99077.0,96605.0,110678.0,114817.0,105639.0,106539.0,114516.0,121573.0,126580.0
Fragile and conflict affected situations,FCS,42265.0,45242.0,47485.0,50429.0,54933.0,54108.0,56124.0,56693.0,58299.0,67006.0,67729.0
Finland,FIN,866.0,894.0,756.0,862.0,1073.0,1069.0,865.0,861.0,908.0,841.0,797.0
Fiji,FJI,171.0,176.0,161.0,191.0,204.0,221.0,252.0,272.0,279.0,290.0,287.0
France,FRA,19665.0,19898.0,22942.0,22666.0,24412.0,25358.0,24067.0,24042.0,24885.0,26229.0,30025.0
Faroe Islands,FRO,139.0,146.0,158.0,0.0,0.0,0.0,0.0,0.0,0.0,0.0,0.0
Micronesia, Fed. Sts.,0.0,17.0,18.0,19.0,21.0,22.0,23.0,0.0,0.0,0.0,0.0
Gabon,GAB,14.0,38.0,22.0,23.0,17.0,29.0,18.0,14.0,14.0,14.0,14.0
United Kingdom,GBR,5243.0,4951.0,5099.0,4945.0,4805.0,4937.0,5003.0,4582.0,4309.0,4390.0,4215.0
Georgia,GEO,1112.0,1184.0,1547.0,1770.0,1945.0,1986.0,1459.0,1521.0,1794.0,2034.0,2258.0
Ghana,GHA,114.0,136.0,2135.0,2155.0,1864.0,2008.0,4982.0,2980.0,3536.0,3521.0,4054.0
Gibraltar,GIB,,,,,,,,,,,
Guinea,GIN,52.0,46.0,64.0,66.0,93.0,121.0,131.0,52.0,45.0,28.0,158.0
Gambia, The,65.0,80.0,116.0,91.0,106.0,110.0,138.0,154.0,146.0,160.0,212.0
Guinea-Bissau,GNB,49.0,46.0,52.0,46.0,64.0,92.0,85.0,56.0,105.0,128.0,151.0
Equatorial Guinea,GNQ,0.0,0.0,0.0,0.0,0.0,0.0,0.0,0.0,0.0,0.0,0.0
Greece,GRC,2022.0,1499.0,1187.0,681.0,805.0,735.0,509.0,417.0,401.0,490.0,676.0
Grenada,GRD,28.0,28.0,29.0,29.0,30.0,41.0,43.0,45.0,47.0,48.0,63.0
Greenland,GRL,,,,,,,,,,,
Guatemala,GTM,4002.0,4225.0,4533.0,4965.0,5304.0,5751.0,6482.0,7363.0,8394.0,9438.0,10656.0
Guam,GUM,,,,,,,,,,,
Guyana,GUY,262.0,368.0,412.0,469.0,328.0,330.0,303.0,269.0,322.0,334.0,380.0
High income,HIC,118452.0,118213.0,131291.0,129354.0,143226.0,149158.0,139202.0,139704.0,146767.0,154383.0,159621.0
Hong Kong SAR, China,355.0,348.0,340.0,352.0,367.0,360.0,372.0,387.0,399.0,437.0,425.0
Honduras,HND,2477.0,2618.0,2811.0,2920.0,3098.0,3370.0,3666.0,3864.0,4323.0,4777.0,5401.0
Heavily indebted poor countries (HIPC),HPC,12528.0,14405.0,18305.0,18628.0,19545.0,21453.0,23889.0,21973.0,24637.0,29199.0,29247.0
Croatia,HRV,2269.0,2287.0,2524.0,2085.0,2769.0,2775.0,2677.0,3223.0,3663.0,4014.0,4280.0
Haiti,HTI,1376.0,1474.0,1551.0,1612.0,1781.0,1977.0,2196.0,2359.0,2614.0,2966.0,3026.0
Hungary,HUN,1575.0,1850.0,2305.0,3148.0,4160.0,4203.0,3954.0,4171.0,4124.0,4405.0,4892.0
IBRD only,IBD,217190.0,235004.0,259620.0,273982.0,291746.0,315413.0,315523.0,309274.0,342110.0,367602.0,381025.0
IDA & IBRD total,IBT,284360.0,311522.0,348281.0,372860.0,395680.0,426669.0,429860.0,421361.0,458000.0,497346.0,514890.0
IDA total,IDA,67170.0,76518.0,88661.0,98878.0,103934.0,111257.0,114337.0,112087.0,115890.0,129744.0,133865.0
IDA blend,IDB,31856.0,35676.0,41522.0,44858.0,45923.0,49370.0,49363.0,49928.0,53798.0,58399.0,60109.0
Indonesia,IDN,6793.0,6916.0,6924.0,7212.0,7614.0,8551.0,9659.0,8907.0,8990.0,11215.0,11666.0
IDA only,IDX,35314.0,40842.0,47139.0,54019.0,58011.0,61886.0,64974.0,62159.0,62092.0,71345.0,73756.0
Isle of Man,IMN,,,,,,,,,,,
India,IND,49204.0,53480.0,62499.0,68821.0,69970.0,70389.0,68910.0,62744.0,68967.0,78790.0,83332.0
Not classified,INX,,,,,,,,,,,
Ireland,IRL,573.0,658.0,756.0,695.0,722.0,726.0,604.0,575.0,597.0,624.0,587.0
Iran, Islamic Rep.,,,,,,,,,,,
Iraq,IRQ,152.0,177.0,223.0,271.0,727.0,729.0,1004.0,986.0,1088.0,742.0,859.0
Iceland,ISL,94.0,136.0,151.0,155.0,207.0,218.0,217.0,209.0,188.0,174.0,185.0
Israel,ISR,507.0,572.0,595.0,685.0,765.0,859.0,853.0,963.0,991.0,1022.0,953.0
Italy,ITA,7041.0,7975.0,8731.0,9166.0,9436.0,10099.0,9608.0,9513.0,9742.0,9900.0,10459.0
Jamaica,JAM,1889.0,2026.0,2106.0,2168.0,2172.0,2269.0,2361.0,2433.0,2463.0,2502.0,2563.0
Jordan,JOR,3465.0,3623.0,3684.0,3848.0,5343.0,6370.0,5348.0,4375.0,4432.0,4472.0,4653.0
Japan,JPN,1595.0,1684.0,2132.0,2540.0,2364.0,3734.0,3325.0,3830.0,4443.0,4369.0,4389.0
Kazakhstan,KAZ,198.0,226.0,180.0,283.0,341.0,401.0,294.0,384.0,560.0,618.0,506.0
Kenya,KEN,631.0,686.0,934.0,1211.0,1304.0,1441.0,1569.0,1745.0,1962.0,2720.0,2838.0
Kyrgyz Republic,KGZ,982.0,1266.0,1709.0,2031.0,2278.0,2243.0,1688.0,1995.0,2486.0,2689.0,2411.0
Cambodia,KHM,142.0,557.0,611.0,855.0,1003.0,1103.0,1185.0,1199.0,1287.0,1431.0,2659.0
Kiribati,KIR,14.0,16.0,17.0,18.0,17.0,16.0,14.0,16.0,18.0,20.0,20.0
St. Kitts and Nevis,KNA,39.0,47.0,45.0,51.0,52.0,22.0,24.0,23.0,25.0,26.0,42.0
Korea, Rep.,6978.0,6000.0,5854.0,6602.0,6589.0,6475.0,6574.0,6464.0,6524.0,6526.0,7125.0
Kuwait,KWT,0.0,5.0,6.0,3.0,4.0,4.0,34.0,4.0,23.0,28.0,26.0
Latin America & Caribbean (excluding high income),LAC,54340.0,55590.0,58929.0,59216.0,60563.0,63245.0,67682.0,72586.0,80570.0,88535.0,95872.0
Lao PDR,LAO,38.0,42.0,110.0,203.0,170.0,188.0,189.0,189.0,243.0,240.0,297.0
Lebanon,LBN,7558.0,6914.0,6878.0,6671.0,7567.0,7191.0,7481.0,7606.0,7062.0,6978.0,7371.0
Liberia,LBR,25.0,294.0,523.0,547.0,413.0,512.0,654.0,580.0,403.0,460.0,346.0
Libya,LBY,0.0,0.0,0.0,0.0,0.0,0.0,0.0,0.0,0.0,0.0,0.0
St. Lucia,LCA,28.0,29.0,29.0,30.0,30.0,35.0,41.0,38.0,42.0,43.0,43.0
Latin America & Caribbean,LCN,55516.0,56943.0,60631.0,60937.0,62263.0,65225.0,69469.0,74427.0,82166.0,90053.0,97511.0
Least developed countries: UN classification,LDC,22938.0,26370.0,29720.0,34714.0,37508.0,40600.0,42302.0,41060.0,38835.0,47315.0,48708.0
Low income,LIC,6726.0,8504.0,7741.0,9619.0,10250.0,11100.0,11545.0,11391.0,7936.0,11885.0,11444.0
Liechtenstein,LIE,,,,,,,,,,,
Sri Lanka,LKA,3337.0,4123.0,5153.0,6000.0,6422.0,7036.0,7000.0,7262.0,7190.0,7043.0,6749.0
Lower middle income,LMC,167765.0,189054.0,216810.0,239605.0,250873.0,263895.0,264689.0,258568.0,283339.0,308620.0,322951.0
Low & middle income,LMY,270880.0,300525.0,337065.0,363339.0,380817.0,411550.0,415367.0,406097.0,441608.0,480297.0,497168.0
Lesotho,LSO,548.0,610.0,649.0,555.0,463.0,393.0,371.0,454.0,550.0,582.0,544.0
Late-demographic dividend,LTE,85219.0,91461.0,101386.0,103301.0,114619.0,130276.0,128330.0,122918.0,131088.0,133234.0,132035.0
Lithuania,LTU,1240.0,1673.0,1955.0,1507.0,2060.0,2113.0,1373.0,1280.0,1303.0,1387.0,1304.0
Luxembourg,LUX,1676.0,1670.0,1811.0,1718.0,1922.0,1888.0,1675.0,1740.0,1908.0,2083.0,2099.0
Latvia,LVA,1587.0,1257.0,1506.0,1499.0,1604.0,1553.0,1336.0,1235.0,1274.0,1237.0,1143.0
Macao SAR, China,52.0,48.0,47.0,48.0,47.0,49.0,37.0,40.0,28.0,35.0,42.0
St. Martin (French part),MAF,,,,,,,,,,,
Morocco,MAR,6269.0,6423.0,7256.0,6508.0,6882.0,7789.0,6904.0,6383.0,6823.0,6919.0,6963.0
Monaco,MCO,,,,,,,,,,,
Moldova,MDA,1352.0,1753.0,1813.0,1986.0,2192.0,2076.0,1540.0,1467.0,1638.0,1838.0,1910.0
Madagascar,MDG,284.0,456.0,335.0,330.0,358.0,344.0,327.0,299.0,343.0,426.0,408.0
Maldives,MDV,5.0,3.0,3.0,3.0,3.0,3.0,4.0,4.0,4.0,4.0,4.0
Middle East & North Africa,MEA,31027.0,37039.0,38834.0,46113.0,47620.0,53568.0,50172.0,49592.0,52525.0,53575.0,55869.0
Mexico,MEX,22076.0,22080.0,23446.0,23209.0,23189.0,24802.0,26233.0,28691.0,32271.0,35768.0,39022.0
Marshall Islands,MHL,24.0,22.0,22.0,23.0,25.0,26.0,27.0,28.0,30.0,31.0,32.0
Middle income,MIC,264154.0,292021.0,329324.0,353720.0,370567.0,400449.0,403822.0,394707.0,433672.0,468411.0,485724.0
North Macedonia,MKD,381.0,388.0,434.0,394.0,376.0,383.0,327.0,316.0,345.0,379.0,355.0
Mali,MLI,456.0,473.0,785.0,827.0,895.0,921.0,817.0,827.0,885.0,1023.0,972.0
Malta,MLT,260.0,230.0,227.0,200.0,246.0,253.0,274.0,251.0,270.0,277.0,245.0
Myanmar,MMR,54.0,115.0,127.0,275.0,1644.0,1808.0,1934.0,2255.0,2453.0,2673.0,2553.0
Middle East & North Africa (excluding high income),MNA,30006.0,35958.0,37150.0,44137.0,45723.0,51641.0,48239.0,47648.0,50245.0,51408.0,53694.0
Montenegro,MNE,303.0,416.0,510.0,508.0,545.0,543.0,470.0,481.0,523.0,589.0,584.0
Mongolia,MNG,200.0,266.0,250.0,324.0,257.0,255.0,261.0,260.0,273.0,441.0,561.0
Northern Mariana Islands,MNP,,,,,,,,,,,
Mozambique,MOZ,111.0,116.0,130.0,174.0,152.0,155.0,143.0,93.0,258.0,296.0,300.0
Mauritania,MRT,0.0,0.0,0.0,0.0,0.0,0.0,0.0,0.0,77.0,60.0,64.0
Mauritius,MUS,1.0,1.0,1.0,1.0,1.0,327.0,224.0,194.0,250.0,245.0,319.0
Malawi,MWI,17.0,22.0,25.0,28.0,34.0,38.0,41.0,39.0,79.0,181.0,281.0
Malaysia,MYS,1131.0,1103.0,1211.0,1294.0,1423.0,1580.0,1644.0,1604.0,1649.0,1686.0,1597.0
North America,NAC,8283.0,8391.0,8507.0,8748.0,9174.0,9190.0,9298.0,9065.0,9121.0,9683.0,9908.0
Namibia,NAM,77.0,69.0,79.0,80.0,64.0,81.0,47.0,66.0,48.0,54.0,66.0
New Caledonia,NCL,509.0,492.0,594.0,715.0,724.0,721.0,613.0,621.0,0.0,0.0,0.0
Niger,NER,102.0,134.0,166.0,152.0,146.0,219.0,172.0,176.0,264.0,297.0,309.0
Nigeria,NGA,18371.0,19745.0,20617.0,20543.0,20797.0,20999.0,20626.0,19698.0,22037.0,24311.0,23809.0
Nicaragua,NIC,770.0,825.0,914.0,1016.0,1081.0,1140.0,1198.0,1268.0,1395.0,1505.0,1686.0
Netherlands,NLD,1713.0,1720.0,1789.0,1640.0,1619.0,1483.0,2298.0,2160.0,2226.0,2450.0,2234.0
Norway,NOR,631.0,680.0,765.0,767.0,791.0,760.0,609.0,594.0,616.0,644.0,616.0
Nepal,NPL,2983.0,3464.0,4217.0,4793.0,5584.0,5889.0,6730.0,6612.0,6928.0,8287.0,8244.0
Nauru,NRU,0.0,0.0,1.0,8.0,11.0,12.0,10.0,12.0,10.0,7.0,
New Zealand,NZL,331.0,371.0,455.0,462.0,459.0,535.0,532.0,528.0,539.0,509.0,474.0
OECD members,OED,138815.0,138271.0,151624.0,149804.0,159662.0,166266.0,158282.0,160187.0,170955.0,182432.0,189312.0
Oman,OMN,39.0,39.0,39.0,39.0,39.0,39.0,39.0,39.0,39.0,39.0,39.0
Other small states,OSS,2876.0,3380.0,4118.0,4130.0,3701.0,4080.0,3673.0,3778.0,4491.0,4670.0,4874.0
Pakistan,PAK,8717.0,9690.0,12263.0,14007.0,14629.0,17244.0,19306.0,19819.0,19856.0,21193.0,22252.0
Panama,PAN,337.0,410.0,368.0,411.0,461.0,756.0,554.0,503.0,533.0,538.0,581.0
Peru,PER,2409.0,2534.0,2697.0,2788.0,2707.0,2637.0,2725.0,2884.0,3051.0,3225.0,3326.0
Philippines,PHL,19960.0,21557.0,23054.0,24610.0,26717.0,28691.0,29799.0,31142.0,32810.0,33809.0,35167.0
Palau,PLW,2.0,2.0,2.0,2.0,2.0,2.0,2.0,3.0,3.0,3.0,3.0
Papua New Guinea,PNG,5.0,4.0,12.0,14.0,14.0,10.0,4.0,3.0,4.0,4.0,29.0
Poland,POL,10214.0,7712.0,7768.0,7041.0,7457.0,7468.0,6835.0,6763.0,7305.0,7603.0,7063.0
Pre-demographic dividend,PRE,25474.0,28238.0,30631.0,30715.0,32059.0,32691.0,33498.0,32620.0,36222.0,43133.0,40302.0
Puerto Rico,PRI,,,,,,,,,,,
Korea, Dem. People's Rep.,,,,,,,,,,,
Portugal,PRT,598.0,517.0,540.0,461.0,446.0,437.0,369.0,425.0,490.0,545.0,618.0
Paraguay,PRY,377.0,410.0,541.0,634.0,623.0,507.0,554.0,657.0,704.0,683.0,666.0
West Bank and Gaza,PSE,755.0,927.0,1142.0,1737.0,1489.0,1805.0,1817.0,2087.0,2379.0,2834.0,3153.0
Pacific island small states,PSS,458.0,476.0,510.0,579.0,616.0,632.0,638.0,672.0,761.0,847.0,904.0
Post-demographic dividend,PST,108451.0,110736.0,124108.0,123268.0,134204.0,137176.0,128919.0,130202.0,140275.0,150418.0,155638.0
French Polynesia,PYF,728.0,651.0,722.0,633.0,672.0,660.0,564.0,582.0,0.0,0.0,0.0
Qatar,QAT,0.0,0.0,574.0,803.0,574.0,499.0,437.0,379.0,666.0,467.0,577.0
Romania,ROU,682.0,641.0,694.0,733.0,4806.0,5084.0,5391.0,5930.0,6556.0,6984.0,8142.0
Russian Federation,RUS,5105.0,5250.0,6103.0,5788.0,6751.0,7777.0,6903.0,6689.0,8235.0,9287.0,10432.0
Rwanda,RWA,0.0,106.0,174.0,182.0,170.0,184.0,159.0,173.0,215.0,261.0,261.0
South Asia,SAS,74912.0,81997.0,96396.0,107980.0,110834.0,115816.0,117613.0,110677.0,117313.0,131745.0,139831.0
Saudi Arabia,SAU,214.0,236.0,244.0,246.0,269.0,273.0,295.0,308.0,291.0,335.0,334.0
Sudan,SDN,1394.0,1456.0,824.0,596.0,620.0,507.0,151.0,153.0,213.0,425.0,522.0
Senegal,SEN,1356.0,1479.0,1616.0,1576.0,1778.0,1932.0,1758.0,1981.0,2149.0,2428.0,138.0
Singapore,SGP,0.0,0.0,0.0,0.0,0.0,0.0,0.0,0.0,0.0,0.0,0.0
Solomon Islands,SLB,13.0,14.0,17.0,21.0,21.0,16.0,19.0,20.0,16.0,20.0,25.0
Sierra Leone,SLE,36.0,44.0,59.0,65.0,70.0,62.0,48.0,58.0,64.0,73.0,177.0
El Salvador,SLV,3402.0,3472.0,3644.0,3914.0,3966.0,4160.0,4275.0,4562.0,4996.0,5392.0,5657.0
San Marino,SMR,,,,,,,,,,,
Somalia,SOM,0.0,0.0,0.0,0.0,0.0,0.0,0.0,0.0,0.0,1482.0,1577.0
Serbia,SRB,4650.0,4117.0,3961.0,3546.0,4025.0,3696.0,3370.0,3205.0,3590.0,4446.0,4238.0
Sub-Saharan Africa (excluding high income),SSA,28397.0,31640.0,37035.0,37214.0,37538.0,39666.0,42190.0,38542.0,42253.0,49382.0,46961.0
South Sudan,SSD,0.0,0.0,0.0,0.0,0.0,2.0,1139.0,1083.0,634.0,1267.0,80.0
Sub-Saharan Africa,SSF,28413.0,31657.0,37061.0,37231.0,37550.0,39681.0,42209.0,38564.0,42275.0,49404.0,46985.0
Small states,SST,5959.0,6682.0,7709.0,7906.0,7422.0,7957.0,7657.0,7775.0,8673.0,8920.0,9371.0
Sao Tome and Principe,STP,2.0,6.0,7.0,6.0,27.0,27.0,20.0,18.0,18.0,18.0,11.0
Suriname,SUR,5.0,4.0,4.0,8.0,7.0,9.0,7.0,1.0,98.0,99.0,96.0
Slovak Republic,SVK,1672.0,1591.0,1754.0,1927.0,2072.0,2396.0,2138.0,2120.0,2164.0,2211.0,2545.0
Slovenia,SVN,173.0,164.0,210.0,249.0,314.0,373.0,400.0,452.0,502.0,645.0,663.0
Sweden,SWE,3968.0,4061.0,4385.0,4293.0,4596.0,4561.0,3515.0,2965.0,3047.0,3092.0,3205.0
Eswatini,SWZ,93.0,55.0,64.0,89.0,75.0,96.0,96.0,98.0,144.0,126.0,119.0
Sint Maarten (Dutch part),SXM,0.0,0.0,54.0,56.0,73.0,62.0,55.0,61.0,55.0,51.0,49.0
Seychelles,SYC,16.0,17.0,25.0,18.0,13.0,15.0,18.0,22.0,22.0,23.0,24.0
Syrian Arab Republic,SYR,1350.0,1623.0,0.0,0.0,0.0,0.0,0.0,0.0,0.0,0.0,0.0
Turks and Caicos Islands,TCA,0.0,0.0,0.0,0.0,0.0,7.0,6.0,7.0,8.0,7.0,0.0
Chad,TCD,0.0,0.0,0.0,0.0,0.0,0.0,0.0,0.0,0.0,0.0,0.0
East Asia & Pacific (IDA & IBRD countries),TEA,47931.0,57502.0,63370.0,68207.0,74868.0,91296.0,97375.0,93463.0,98953.0,100214.0,98991.0
Europe & Central Asia (IDA & IBRD countries),TEC,48460.0,48480.0,55173.0,56453.0,66333.0,65224.0,57183.0,59108.0,69807.0,77621.0,81304.0
Togo,TGO,336.0,337.0,244.0,345.0,397.0,428.0,364.0,367.0,404.0,451.0,508.0
Thailand,THA,3808.0,4433.0,5256.0,5657.0,6585.0,6524.0,5895.0,6270.0,6720.0,7466.0,8162.0
Tajikistan,TJK,1566.0,2021.0,2722.0,3222.0,3698.0,3384.0,2259.0,1867.0,2237.0,2183.0,2322.0
Turkmenistan,TKM,,24.0,23.0,27.0,35.0,31.0,16.0,8.0,5.0,1.0,2.0
Latin America & the Caribbean (IDA & IBRD countries),TLA,55392.0,56856.0,60274.0,60589.0,61860.0,64816.0,69060.0,73986.0,81786.0,89788.0,97238.0
Timor-Leste,TLS,113.0,137.0,137.0,120.0,34.0,44.0,62.0,80.0,87.0,96.0,100.0
Middle East & North Africa (IDA & IBRD countries),TMN,29251.0,35030.0,36009.0,42400.0,44234.0,49836.0,46422.0,45562.0,47866.0,48574.0,50542.0
Tonga,TON,82.0,74.0,84.0,91.0,123.0,119.0,129.0,126.0,159.0,183.0,190.0
South Asia (IDA & IBRD),TSA,74912.0,81997.0,96396.0,107980.0,110834.0,115816.0,117613.0,110677.0,117313.0,131745.0,139831.0
Sub-Saharan Africa (IDA & IBRD countries),TSS,28413.0,31657.0,37061.0,37231.0,37550.0,39681.0,42209.0,38564.0,42275.0,49404.0,46985.0
Trinidad and Tobago,TTO,109.0,91.0,162.0,139.0,145.0,145.0,155.0,145.0,135.0,139.0,144.0
Tunisia,TUN,1964.0,2063.0,2004.0,2266.0,2291.0,2347.0,1971.0,1821.0,1890.0,1902.0,2050.0
Turkiye,TUR,1834.0,1819.0,1883.0,1881.0,1901.0,1739.0,1385.0,1186.0,1048.0,1128.0,848.0
Tuvalu,TUV,5.0,4.0,5.0,4.0,4.0,3.0,3.0,3.0,3.0,3.0,2.0
Tanzania,TZA,40.0,344.0,410.0,390.0,382.0,389.0,388.0,403.0,403.0,413.0,433.0
Uganda,UGA,781.0,771.0,816.0,913.0,941.0,888.0,902.0,1146.0,1166.0,1338.0,1425.0
Ukraine,UKR,5941.0,6535.0,7822.0,8449.0,9667.0,7354.0,8474.0,9472.0,12132.0,14694.0,15788.0
Upper middle income,UMC,96389.0,102967.0,112514.0,114115.0,119693.0,136554.0,139133.0,136139.0,150333.0,159792.0,162773.0
Uruguay,URY,101.0,125.0,129.0,92.0,99.0,98.0,90.0,90.0,109.0,114.0,112.0
United States,USA,5740.0,5930.0,6104.0,6303.0,6613.0,6503.0,6578.0,6330.0,6347.0,6941.0,7049.0
Uzbekistan,UZB,2180.0,3438.0,4910.0,6090.0,6443.0,6815.0,4843.0,5795.0,7130.0,7610.0,8546.0
St. Vincent and the Grenadines,VCT,29.0,29.0,29.0,31.0,32.0,44.0,42.0,45.0,46.0,46.0,79.0
Venezuela, RB,137.0,132.0,143.0,138.0,118.0,120.0,128.0,161.0,279.0,0.0,0.0
British Virgin Islands,VGB,,,,,,,,,,,
Virgin Islands (U.S.),VIR,,,,,,,,,,,
Vietnam,VNM,6020.0,8260.0,8600.0,10000.0,11000.0,12000.0,13000.0,14000.0,15000.0,16000.0,17000.0
Vanuatu,VUT,11.0,12.0,22.0,22.0,24.0,51.0,50.0,60.0,107.0,143.0,189.0
World,WLD,389464.0,418881.0,468494.0,492811.0,524163.0,560836.0,554730.0,546081.0,588375.0,634680.0,656788.0
Samoa,WSM,119.0,139.0,160.0,178.0,165.0,141.0,131.0,131.0,136.0,148.0,155.0
Kosovo,XKX,1056.0,1007.0,993.0,946.0,1058.0,1099.0,971.0,986.0,1112.0,1236.0,1249.0
Yemen, Rep.,1411.0,1160.0,1526.0,1404.0,3351.0,3342.0,3350.0,3350.0,3771.0,0.0,0.0
South Africa,ZAF,862.0,1070.0,1158.0,1085.0,971.0,913.0,825.0,755.0,874.0,929.0,890.0
Zambia,ZMB,41.0,44.0,46.0,73.0,54.0,58.0,47.0,38.0,94.0,107.0,98.0
Zimbabwe,ZWE,1206.0,1413.0,1919.0,2114.0,1890.0,1904.0,2047.0,1856.0,1730.0,1428.0,1417.0
